datetime,soil_moisture(m^3/m^3),precipitation(mm),hour,day,month,year,quarter,target
2025-12-19 00:00:00,0.31774998,1.8,0,4,12,2025,4,[0.3185     0.315      0.31425    0.311      0.30825    0.30699998]
2025-12-19 01:00:00,0.3185,0.5,1,4,12,2025,4,[0.315      0.31425    0.311      0.30825    0.30699998 0.3055    ]
2025-12-19 02:00:00,0.315,0.4,2,4,12,2025,4,[0.31425    0.311      0.30825    0.30699998 0.3055     0.30475   ]
2025-12-19 03:00:00,0.31425,0.0,3,4,12,2025,4,[0.311      0.30825    0.30699998 0.3055     0.30475    0.304     ]
2025-12-19 04:00:00,0.311,0.0,4,4,12,2025,4,[0.30825    0.30699998 0.3055     0.30475    0.304      0.3035    ]
2025-12-19 05:00:00,0.30825,0.0,5,4,12,2025,4,[0.30699998 0.3055     0.30475    0.304      0.3035     0.30275   ]
2025-12-19 06:00:00,0.30699998,0.1,6,4,12,2025,4,[0.3055     0.30475    0.304      0.3035     0.30275    0.30200002]
2025-12-19 07:00:00,0.3055,0.1,7,4,12,2025,4,[0.30475    0.304      0.3035     0.30275    0.30200002 0.30200002]
2025-12-19 08:00:00,0.30475,0.1,8,4,12,2025,4,[0.304      0.3035     0.30275    0.30200002 0.30200002 0.30125   ]
2025-12-19 09:00:00,0.304,0.0,9,4,12,2025,4,[0.3035     0.30275    0.30200002 0.30200002 0.30125    0.3005    ]
2025-12-19 10:00:00,0.3035,0.0,10,4,12,2025,4,[0.30275    0.30200002 0.30200002 0.30125    0.3005     0.29975   ]
2025-12-19 11:00:00,0.30275,0.0,11,4,12,2025,4,[0.30200002 0.30200002 0.30125    0.3005     0.29975    0.2995    ]
2025-12-19 12:00:00,0.30200002,0.0,12,4,12,2025,4,[0.30200002 0.30125    0.3005     0.29975    0.2995     0.29925   ]
2025-12-19 13:00:00,0.30200002,0.1,13,4,12,2025,4,[0.30125 0.3005  0.29975 0.2995  0.29925 0.30375]
2025-12-19 14:00:00,0.30125,0.0,14,4,12,2025,4,[0.3005  0.29975 0.2995  0.29925 0.30375 0.3035 ]
2025-12-19 15:00:00,0.3005,0.0,15,4,12,2025,4,[0.29975    0.2995     0.29925    0.30375    0.3035     0.30324998]
2025-12-19 16:00:00,0.29975,0.0,16,4,12,2025,4,[0.2995     0.29925    0.30375    0.3035     0.30324998 0.30324998]
2025-12-19 17:00:00,0.2995,0.0,17,4,12,2025,4,[0.29925    0.30375    0.3035     0.30324998 0.30324998 0.30324998]
2025-12-19 18:00:00,0.29925,0.0,18,4,12,2025,4,[0.30375    0.3035     0.30324998 0.30324998 0.30324998 0.303     ]
2025-12-19 19:00:00,0.30375,0.0,19,4,12,2025,4,[0.3035     0.30324998 0.30324998 0.30324998 0.303      0.303     ]
2025-12-19 20:00:00,0.3035,0.0,20,4,12,2025,4,[0.30324998 0.30324998 0.30324998 0.303      0.303      0.30275   ]
2025-12-19 21:00:00,0.30324998,0.0,21,4,12,2025,4,[0.30324998 0.30324998 0.303      0.303      0.30275    0.30275   ]
2025-12-19 22:00:00,0.30324998,0.0,22,4,12,2025,4,[0.30324998 0.303      0.303      0.30275    0.30275    0.30225   ]
2025-12-19 23:00:00,0.30324998,0.0,23,4,12,2025,4,[0.303      0.303      0.30275    0.30275    0.30225    0.30200002]
2025-12-20 00:00:00,0.303,0.0,0,5,12,2025,4,[0.303      0.30275    0.30275    0.30225    0.30200002 0.30200002]
2025-12-20 01:00:00,0.303,0.0,1,5,12,2025,4,[0.30275    0.30275    0.30225    0.30200002 0.30200002 0.30200002]
2025-12-20 02:00:00,0.30275,0.0,2,5,12,2025,4,[0.30275    0.30225    0.30200002 0.30200002 0.30200002 0.30200002]
2025-12-20 03:00:00,0.30275,0.0,3,5,12,2025,4,[0.30225    0.30200002 0.30200002 0.30200002 0.30200002 0.30175   ]
2025-12-20 04:00:00,0.30225,0.0,4,5,12,2025,4,[0.30200002 0.30200002 0.30200002 0.30200002 0.30175    0.30175   ]
2025-12-20 05:00:00,0.30200002,0.0,5,5,12,2025,4,[0.30200002 0.30200002 0.30200002 0.30175    0.30175    0.30175   ]
2025-12-20 06:00:00,0.30200002,0.0,6,5,12,2025,4,[0.30200002 0.30200002 0.30175    0.30175    0.30175    0.30125   ]
2025-12-20 07:00:00,0.30200002,0.0,7,5,12,2025,4,[0.30200002 0.30175    0.30175    0.30175    0.30125    0.30125   ]
2025-12-20 08:00:00,0.30200002,0.0,8,5,12,2025,4,[0.30175 0.30175 0.30175 0.30125 0.30125 0.301  ]
2025-12-20 09:00:00,0.30175,0.0,9,5,12,2025,4,[0.30175 0.30175 0.30125 0.30125 0.301   0.301  ]
2025-12-20 10:00:00,0.30175,0.0,10,5,12,2025,4,[0.30175 0.30125 0.30125 0.301   0.301   0.301  ]
2025-12-20 11:00:00,0.30175,0.0,11,5,12,2025,4,[0.30125 0.30125 0.301   0.301   0.301   0.301  ]
2025-12-20 12:00:00,0.30125,0.0,12,5,12,2025,4,[0.30125 0.301   0.301   0.301   0.301   0.301  ]
2025-12-20 13:00:00,0.30125,0.0,13,5,12,2025,4,[0.301  0.301  0.301  0.301  0.301  0.3015]
2025-12-20 14:00:00,0.301,0.0,14,5,12,2025,4,[0.301  0.301  0.301  0.301  0.3015 0.3015]
2025-12-20 15:00:00,0.301,0.0,15,5,12,2025,4,[0.301      0.301      0.301      0.3015     0.3015     0.30150002]
2025-12-20 16:00:00,0.301,0.0,16,5,12,2025,4,[0.301      0.301      0.3015     0.3015     0.30150002 0.301     ]
2025-12-20 17:00:00,0.301,0.0,17,5,12,2025,4,[0.301      0.3015     0.3015     0.30150002 0.301      0.30075002]
2025-12-20 18:00:00,0.301,0.0,18,5,12,2025,4,[0.3015     0.3015     0.30150002 0.301      0.30075002 0.30025   ]
2025-12-20 19:00:00,0.3015,0.0,19,5,12,2025,4,[0.3015     0.30150002 0.301      0.30075002 0.30025    0.29775   ]
2025-12-20 20:00:00,0.3015,0.0,20,5,12,2025,4,[0.30150002 0.301      0.30075002 0.30025    0.29775    0.2965    ]
2025-12-20 21:00:00,0.30150002,0.0,21,5,12,2025,4,[0.301      0.30075002 0.30025    0.29775    0.2965     0.296     ]
2025-12-20 22:00:00,0.301,0.0,22,5,12,2025,4,[0.30075002 0.30025    0.29775    0.2965     0.296      0.295     ]
2025-12-20 23:00:00,0.30075002,0.0,23,5,12,2025,4,[0.30025 0.29775 0.2965  0.296   0.295   0.29425]
2025-12-21 00:00:00,0.30025,0.0,0,6,12,2025,4,[0.29775 0.2965  0.296   0.295   0.29425 0.29375]
2025-12-21 01:00:00,0.29775,0.0,1,6,12,2025,4,[0.2965     0.296      0.295      0.29425    0.29375    0.29424998]
2025-12-21 02:00:00,0.2965,0.0,2,6,12,2025,4,[0.296      0.295      0.29425    0.29375    0.29424998 0.294     ]
2025-12-21 03:00:00,0.296,0.0,3,6,12,2025,4,[0.295      0.29425    0.29375    0.29424998 0.294      0.2935    ]
2025-12-21 04:00:00,0.295,0.0,4,6,12,2025,4,[0.29425    0.29375    0.29424998 0.294      0.2935     0.29325   ]
2025-12-21 05:00:00,0.29425,0.0,5,6,12,2025,4,[0.29375    0.29424998 0.294      0.2935     0.29325    0.293     ]
2025-12-21 06:00:00,0.29375,0.0,6,6,12,2025,4,[0.29424998 0.294      0.2935     0.29325    0.293      0.2925    ]
2025-12-21 07:00:00,0.29424998,0.0,7,6,12,2025,4,[0.294   0.2935  0.29325 0.293   0.2925  0.2925 ]
2025-12-21 08:00:00,0.294,0.0,8,6,12,2025,4,[0.2935  0.29325 0.293   0.2925  0.2925  0.29225]
2025-12-21 09:00:00,0.2935,0.0,9,6,12,2025,4,[0.29325 0.293   0.2925  0.2925  0.29225 0.29175]
2025-12-21 10:00:00,0.29325,0.0,10,6,12,2025,4,[0.293   0.2925  0.2925  0.29225 0.29175 0.29125]
2025-12-21 11:00:00,0.293,0.0,11,6,12,2025,4,[0.2925  0.2925  0.29225 0.29175 0.29125 0.29125]
2025-12-21 12:00:00,0.2925,0.0,12,6,12,2025,4,[0.2925     0.29225    0.29175    0.29125    0.29125    0.29099998]
2025-12-21 13:00:00,0.2925,0.0,13,6,12,2025,4,[0.29225    0.29175    0.29125    0.29125    0.29099998 0.287     ]
2025-12-21 14:00:00,0.29225,0.0,14,6,12,2025,4,[0.29175    0.29125    0.29125    0.29099998 0.287      0.28724998]
2025-12-21 15:00:00,0.29175,0.0,15,6,12,2025,4,[0.29125    0.29125    0.29099998 0.287      0.28724998 0.28724998]
2025-12-21 16:00:00,0.29125,0.0,16,6,12,2025,4,[0.29125    0.29099998 0.287      0.28724998 0.28724998 0.28724998]
2025-12-21 17:00:00,0.29125,0.0,17,6,12,2025,4,[0.29099998 0.287      0.28724998 0.28724998 0.28724998 0.28725   ]
2025-12-21 18:00:00,0.29099998,0.0,18,6,12,2025,4,[0.287      0.28724998 0.28724998 0.28724998 0.28725    0.28725   ]
2025-12-21 19:00:00,0.287,0.0,19,6,12,2025,4,[0.28724998 0.28724998 0.28724998 0.28725    0.28725    0.28700003]
2025-12-21 20:00:00,0.28724998,0.0,20,6,12,2025,4,[0.28724998 0.28724998 0.28725    0.28725    0.28700003 0.28700003]
2025-12-21 21:00:00,0.28724998,0.0,21,6,12,2025,4,[0.28724998 0.28725    0.28725    0.28700003 0.28700003 0.28700003]
2025-12-21 22:00:00,0.28724998,0.0,22,6,12,2025,4,[0.28725    0.28725    0.28700003 0.28700003 0.28700003 0.28700003]
2025-12-21 23:00:00,0.28725,0.0,23,6,12,2025,4,[0.28725    0.28700003 0.28700003 0.28700003 0.28700003 0.28700003]
2025-12-22 00:00:00,0.28725,0.0,0,0,12,2025,4,[0.28700003 0.28700003 0.28700003 0.28700003 0.28700003 0.28725   ]
2025-12-22 01:00:00,0.28700003,0.0,1,0,12,2025,4,[0.28700003 0.28700003 0.28700003 0.28700003 0.28725    0.2875    ]
2025-12-22 02:00:00,0.28700003,0.0,2,0,12,2025,4,[0.28700003 0.28700003 0.28700003 0.28725    0.2875     0.287     ]
2025-12-22 03:00:00,0.28700003,0.0,3,0,12,2025,4,[0.28700003 0.28700003 0.28725    0.2875     0.287      0.287     ]
2025-12-22 04:00:00,0.28700003,0.0,4,0,12,2025,4,[0.28700003 0.28725    0.2875     0.287      0.287      0.287     ]
2025-12-22 05:00:00,0.28700003,0.0,5,0,12,2025,4,[0.28725 0.2875  0.287   0.287   0.287   0.28875]
2025-12-22 06:00:00,0.28725,0.0,6,0,12,2025,4,[0.2875  0.287   0.287   0.287   0.28875 0.2885 ]
2025-12-22 07:00:00,0.2875,0.0,7,0,12,2025,4,[0.287   0.287   0.287   0.28875 0.2885  0.28775]
2025-12-22 08:00:00,0.287,0.0,8,0,12,2025,4,[0.287   0.287   0.28875 0.2885  0.28775 0.2875 ]
2025-12-22 09:00:00,0.287,0.0,9,0,12,2025,4,[0.287   0.28875 0.2885  0.28775 0.2875  0.28725]
2025-12-22 10:00:00,0.287,0.0,10,0,12,2025,4,[0.28875 0.2885  0.28775 0.2875  0.28725 0.28725]
2025-12-22 11:00:00,0.28875,0.4,11,0,12,2025,4,[0.2885  0.28775 0.2875  0.28725 0.28725 0.2875 ]
2025-12-22 12:00:00,0.2885,0.5,12,0,12,2025,4,[0.28775 0.2875  0.28725 0.28725 0.2875  0.2875 ]
2025-12-22 13:00:00,0.28775,0.2,13,0,12,2025,4,[0.2875     0.28725    0.28725    0.2875     0.2875     0.28800002]
2025-12-22 14:00:00,0.2875,0.0,14,0,12,2025,4,[0.28725    0.28725    0.2875     0.2875     0.28800002 0.28800002]
2025-12-22 15:00:00,0.28725,0.0,15,0,12,2025,4,[0.28725    0.2875     0.2875     0.28800002 0.28800002 0.28825   ]
2025-12-22 16:00:00,0.28725,0.0,16,0,12,2025,4,[0.2875     0.2875     0.28800002 0.28800002 0.28825    0.2885    ]
2025-12-22 17:00:00,0.2875,0.0,17,0,12,2025,4,[0.2875     0.28800002 0.28800002 0.28825    0.2885     0.2885    ]
2025-12-22 18:00:00,0.2875,0.0,18,0,12,2025,4,[0.28800002 0.28800002 0.28825    0.2885     0.2885     0.289     ]
2025-12-22 19:00:00,0.28800002,0.0,19,0,12,2025,4,[0.28800002 0.28825    0.2885     0.2885     0.289      0.289     ]
2025-12-22 20:00:00,0.28800002,0.0,20,0,12,2025,4,[0.28825    0.2885     0.2885     0.289      0.289      0.28950003]
2025-12-22 21:00:00,0.28825,0.0,21,0,12,2025,4,[0.2885     0.2885     0.289      0.289      0.28950003 0.28925002]
2025-12-22 22:00:00,0.2885,0.0,22,0,12,2025,4,[0.2885     0.289      0.289      0.28950003 0.28925002 0.28925002]
2025-12-22 23:00:00,0.2885,0.0,23,0,12,2025,4,[0.289      0.289      0.28950003 0.28925002 0.28925002 0.28925002]
2025-12-23 00:00:00,0.289,0.0,0,1,12,2025,4,[0.289      0.28950003 0.28925002 0.28925002 0.28925002 0.28925002]
2025-12-23 01:00:00,0.289,0.0,1,1,12,2025,4,[0.28950003 0.28925002 0.28925002 0.28925002 0.28925002 0.28925002]
2025-12-23 02:00:00,0.28950003,0.0,2,1,12,2025,4,[0.28925002 0.28925002 0.28925002 0.28925002 0.28925002 0.28925002]
2025-12-23 03:00:00,0.28925002,0.0,3,1,12,2025,4,[0.28925002 0.28925002 0.28925002 0.28925002 0.28925002 0.28925002]
2025-12-23 04:00:00,0.28925002,0.0,4,1,12,2025,4,[0.28925002 0.28925002 0.28925002 0.28925002 0.28925002 0.291     ]
2025-12-23 05:00:00,0.28925002,0.0,5,1,12,2025,4,[0.28925002 0.28925002 0.28925002 0.28925002 0.291      0.29225   ]
2025-12-23 06:00:00,0.28925002,0.0,6,1,12,2025,4,[0.28925002 0.28925002 0.28925002 0.291      0.29225    0.29200003]
2025-12-23 07:00:00,0.28925002,0.0,7,1,12,2025,4,[0.28925002 0.28925002 0.291      0.29225    0.29200003 0.29000002]
2025-12-23 08:00:00,0.28925002,0.0,8,1,12,2025,4,[0.28925002 0.291      0.29225    0.29200003 0.29000002 0.2895    ]
2025-12-23 09:00:00,0.28925002,0.0,9,1,12,2025,4,[0.291      0.29225    0.29200003 0.29000002 0.2895     0.28875002]
2025-12-23 10:00:00,0.291,0.0,10,1,12,2025,4,[0.29225    0.29200003 0.29000002 0.2895     0.28875002 0.2885    ]
2025-12-23 11:00:00,0.29225,0.0,11,1,12,2025,4,[0.29200003 0.29000002 0.2895     0.28875002 0.2885     0.28825   ]
2025-12-23 12:00:00,0.29200003,0.0,12,1,12,2025,4,[0.29000002 0.2895     0.28875002 0.2885     0.28825    0.28825   ]
2025-12-23 13:00:00,0.29000002,0.0,13,1,12,2025,4,[0.2895     0.28875002 0.2885     0.28825    0.28825    0.2875    ]
2025-12-23 14:00:00,0.2895,0.0,14,1,12,2025,4,[0.28875002 0.2885     0.28825    0.28825    0.2875     0.2875    ]
2025-12-23 15:00:00,0.28875002,0.0,15,1,12,2025,4,[0.2885  0.28825 0.28825 0.2875  0.2875  0.287  ]
2025-12-23 16:00:00,0.2885,0.0,16,1,12,2025,4,[0.28825 0.28825 0.2875  0.2875  0.287   0.28675]
2025-12-23 17:00:00,0.28825,0.0,17,1,12,2025,4,[0.28825 0.2875  0.2875  0.287   0.28675 0.28675]
2025-12-23 18:00:00,0.28825,0.0,18,1,12,2025,4,[0.2875  0.2875  0.287   0.28675 0.28675 0.2865 ]
2025-12-23 19:00:00,0.2875,0.0,19,1,12,2025,4,[0.2875  0.287   0.28675 0.28675 0.2865  0.2865 ]
2025-12-23 20:00:00,0.2875,0.0,20,1,12,2025,4,[0.287   0.28675 0.28675 0.2865  0.2865  0.28625]
2025-12-23 21:00:00,0.287,0.0,21,1,12,2025,4,[0.28675 0.28675 0.2865  0.2865  0.28625 0.28625]
2025-12-23 22:00:00,0.28675,0.0,22,1,12,2025,4,[0.28675 0.2865  0.2865  0.28625 0.28625 0.28625]
2025-12-23 23:00:00,0.28675,0.0,23,1,12,2025,4,[0.2865     0.2865     0.28625    0.28625    0.28625    0.28599998]
2025-12-24 00:00:00,0.2865,0.0,0,2,12,2025,4,[0.2865     0.28625    0.28625    0.28625    0.28599998 0.28599998]
2025-12-24 01:00:00,0.2865,0.0,1,2,12,2025,4,[0.28625    0.28625    0.28625    0.28599998 0.28599998 0.28599998]
2025-12-24 02:00:00,0.28625,0.0,2,2,12,2025,4,[0.28625    0.28625    0.28599998 0.28599998 0.28599998 0.28599998]
2025-12-24 03:00:00,0.28625,0.0,3,2,12,2025,4,[0.28625    0.28599998 0.28599998 0.28599998 0.28599998 0.28599998]
2025-12-24 04:00:00,0.28625,0.0,4,2,12,2025,4,[0.28599998 0.28599998 0.28599998 0.28599998 0.28599998 0.28575   ]
2025-12-24 05:00:00,0.28599998,0.0,5,2,12,2025,4,[0.28599998 0.28599998 0.28599998 0.28599998 0.28575    0.28575   ]
2025-12-24 06:00:00,0.28599998,0.0,6,2,12,2025,4,[0.28599998 0.28599998 0.28599998 0.28575    0.28575    0.28525   ]
2025-12-24 07:00:00,0.28599998,0.0,7,2,12,2025,4,[0.28599998 0.28599998 0.28575    0.28575    0.28525    0.28475   ]
2025-12-24 08:00:00,0.28599998,0.0,8,2,12,2025,4,[0.28599998 0.28575    0.28575    0.28525    0.28475    0.284     ]
2025-12-24 09:00:00,0.28599998,0.0,9,2,12,2025,4,[0.28575    0.28575    0.28525    0.28475    0.284      0.28350002]
2025-12-24 10:00:00,0.28575,0.0,10,2,12,2025,4,[0.28575    0.28525    0.28475    0.284      0.28350002 0.28325   ]
2025-12-24 11:00:00,0.28575,0.0,11,2,12,2025,4,[0.28525    0.28475    0.284      0.28350002 0.28325    0.283     ]
2025-12-24 12:00:00,0.28525,0.0,12,2,12,2025,4,[0.28475    0.284      0.28350002 0.28325    0.283      0.283     ]
2025-12-24 13:00:00,0.28475,0.0,13,2,12,2025,4,[0.284      0.28350002 0.28325    0.283      0.283      0.276     ]
2025-12-24 14:00:00,0.284,0.0,14,2,12,2025,4,[0.28350002 0.28325    0.283      0.283      0.276      0.276     ]
2025-12-24 15:00:00,0.28350002,0.0,15,2,12,2025,4,[0.28325 0.283   0.283   0.276   0.276   0.276  ]
2025-12-24 16:00:00,0.28325,0.0,16,2,12,2025,4,[0.283 0.283 0.276 0.276 0.276 0.276]
2025-12-24 17:00:00,0.283,0.0,17,2,12,2025,4,[0.283 0.276 0.276 0.276 0.276 0.276]
2025-12-24 18:00:00,0.283,0.0,18,2,12,2025,4,[0.276 0.276 0.276 0.276 0.276 0.276]
2025-12-24 19:00:00,0.276,0.0,19,2,12,2025,4,[0.276 0.276 0.276 0.276 0.276 0.276]
2025-12-24 20:00:00,0.276,0.0,20,2,12,2025,4,[0.276 0.276 0.276 0.276 0.276 0.276]
2025-12-24 21:00:00,0.276,0.0,21,2,12,2025,4,[0.276  0.276  0.276  0.276  0.276  0.2765]
2025-12-24 22:00:00,0.276,0.0,22,2,12,2025,4,[0.276  0.276  0.276  0.276  0.2765 0.2765]
2025-12-24 23:00:00,0.276,0.0,23,2,12,2025,4,[0.276  0.276  0.276  0.2765 0.2765 0.2765]
2025-12-25 00:00:00,0.276,0.0,0,3,12,2025,4,[0.276  0.276  0.2765 0.2765 0.2765 0.2765]
2025-12-25 01:00:00,0.276,0.0,1,3,12,2025,4,[0.276   0.2765  0.2765  0.2765  0.2765  0.27625]
2025-12-25 02:00:00,0.276,0.0,2,3,12,2025,4,[0.2765  0.2765  0.2765  0.2765  0.27625 0.27625]
2025-12-25 03:00:00,0.2765,0.0,3,3,12,2025,4,[0.2765  0.2765  0.2765  0.27625 0.27625 0.27625]
2025-12-25 04:00:00,0.2765,0.0,4,3,12,2025,4,[0.2765  0.2765  0.27625 0.27625 0.27625 0.276  ]
2025-12-25 05:00:00,0.2765,0.0,5,3,12,2025,4,[0.2765  0.27625 0.27625 0.27625 0.276   0.2755 ]
2025-12-25 06:00:00,0.2765,0.0,6,3,12,2025,4,[0.27625 0.27625 0.27625 0.276   0.2755  0.27525]
2025-12-25 07:00:00,0.27625,0.0,7,3,12,2025,4,[0.27625 0.27625 0.276   0.2755  0.27525 0.2745 ]
2025-12-25 08:00:00,0.27625,0.0,8,3,12,2025,4,[0.27625    0.276      0.2755     0.27525    0.2745     0.27425003]
2025-12-25 09:00:00,0.27625,0.0,9,3,12,2025,4,[0.276      0.2755     0.27525    0.2745     0.27425003 0.27425003]
2025-12-25 10:00:00,0.276,0.0,10,3,12,2025,4,[0.2755     0.27525    0.2745     0.27425003 0.27425003 0.27375   ]
2025-12-25 11:00:00,0.2755,0.0,11,3,12,2025,4,[0.27525    0.2745     0.27425003 0.27425003 0.27375    0.27400002]
2025-12-25 12:00:00,0.27525,0.0,12,3,12,2025,4,[0.2745     0.27425003 0.27425003 0.27375    0.27400002 0.27400002]
2025-12-25 13:00:00,0.2745,0.0,13,3,12,2025,4,[0.27425003 0.27425003 0.27375    0.27400002 0.27400002 0.27275002]
2025-12-25 14:00:00,0.27425003,0.0,14,3,12,2025,4,[0.27425003 0.27375    0.27400002 0.27400002 0.27275002 0.2725    ]
2025-12-25 15:00:00,0.27425003,0.0,15,3,12,2025,4,[0.27375    0.27400002 0.27400002 0.27275002 0.2725     0.27225   ]
2025-12-25 16:00:00,0.27375,0.0,16,3,12,2025,4,[0.27400002 0.27400002 0.27275002 0.2725     0.27225    0.27225   ]
2025-12-25 17:00:00,0.27400002,0.0,17,3,12,2025,4,[0.27400002 0.27275002 0.2725     0.27225    0.27225    0.27225   ]
2025-12-25 18:00:00,0.27400002,0.0,18,3,12,2025,4,[0.27275002 0.2725     0.27225    0.27225    0.27225    0.27225   ]
2025-12-25 19:00:00,0.27275002,0.0,19,3,12,2025,4,[0.2725     0.27225    0.27225    0.27225    0.27225    0.27249998]
2025-12-25 20:00:00,0.2725,0.0,20,3,12,2025,4,[0.27225    0.27225    0.27225    0.27225    0.27249998 0.27249998]
2025-12-25 21:00:00,0.27225,0.0,21,3,12,2025,4,[0.27225    0.27225    0.27225    0.27249998 0.27249998 0.27249998]
2025-12-25 22:00:00,0.27225,0.0,22,3,12,2025,4,[0.27225    0.27225    0.27249998 0.27249998 0.27249998 0.272     ]
2025-12-25 23:00:00,0.27225,0.0,23,3,12,2025,4,[0.27225    0.27249998 0.27249998 0.27249998 0.272      0.27175003]
2025-12-26 00:00:00,0.27225,0.0,0,4,12,2025,4,[0.27249998 0.27249998 0.27249998 0.272      0.27175003 0.27175003]
2025-12-26 01:00:00,0.27249998,0.0,1,4,12,2025,4,[0.27249998 0.27249998 0.272      0.27175003 0.27175003 0.2775    ]
2025-12-26 02:00:00,0.27249998,0.0,2,4,12,2025,4,[0.27249998 0.272      0.27175003 0.27175003 0.2775     0.2795    ]
2025-12-26 03:00:00,0.27249998,0.0,3,4,12,2025,4,[0.272      0.27175003 0.27175003 0.2775     0.2795     0.29175   ]
2025-12-26 04:00:00,0.272,0.0,4,4,12,2025,4,[0.27175003 0.27175003 0.2775     0.2795     0.29175    0.29425   ]
2025-12-26 05:00:00,0.27175003,0.0,5,4,12,2025,4,[0.27175003 0.2775     0.2795     0.29175    0.29425    0.31425   ]
2025-12-26 06:00:00,0.27175003,0.0,6,4,12,2025,4,[0.2775  0.2795  0.29175 0.29425 0.31425 0.319  ]
2025-12-26 07:00:00,0.2775,0.6,7,4,12,2025,4,[0.2795  0.29175 0.29425 0.31425 0.319   0.31925]
2025-12-26 08:00:00,0.2795,0.2,8,4,12,2025,4,[0.29175    0.29425    0.31425    0.319      0.31925    0.31875002]
2025-12-26 09:00:00,0.29175,0.4,9,4,12,2025,4,[0.29425    0.31425    0.319      0.31925    0.31875002 0.31725   ]
2025-12-26 10:00:00,0.29425,3.3,10,4,12,2025,4,[0.31425    0.319      0.31925    0.31875002 0.31725    0.3145    ]
2025-12-26 11:00:00,0.31425,0.7,11,4,12,2025,4,[0.319      0.31925    0.31875002 0.31725    0.3145     0.31274998]
2025-12-26 12:00:00,0.319,4.8999996,12,4,12,2025,4,[0.31925    0.31875002 0.31725    0.3145     0.31274998 0.31199998]
2025-12-26 13:00:00,0.31925,0.2,13,4,12,2025,4,[0.31875002 0.31725    0.3145     0.31274998 0.31199998 0.31375   ]
2025-12-26 14:00:00,0.31875002,0.1,14,4,12,2025,4,[0.31725    0.3145     0.31274998 0.31199998 0.31375    0.31274998]
2025-12-26 15:00:00,0.31725,0.0,15,4,12,2025,4,[0.3145     0.31274998 0.31199998 0.31375    0.31274998 0.311     ]
2025-12-26 16:00:00,0.3145,0.0,16,4,12,2025,4,[0.31274998 0.31199998 0.31375    0.31274998 0.311      0.30875   ]
2025-12-26 17:00:00,0.31274998,0.0,17,4,12,2025,4,[0.31199998 0.31375    0.31274998 0.311      0.30875    0.3075    ]
2025-12-26 18:00:00,0.31199998,0.0,18,4,12,2025,4,[0.31375    0.31274998 0.311      0.30875    0.3075     0.30600002]
2025-12-26 19:00:00,0.31375,0.0,19,4,12,2025,4,[0.31274998 0.311      0.30875    0.3075     0.30600002 0.30525002]
2025-12-26 20:00:00,0.31274998,0.0,20,4,12,2025,4,[0.311      0.30875    0.3075     0.30600002 0.30525002 0.305     ]
2025-12-26 21:00:00,0.311,0.0,21,4,12,2025,4,[0.30875    0.3075     0.30600002 0.30525002 0.305      0.3045    ]
2025-12-26 22:00:00,0.30875,0.0,22,4,12,2025,4,[0.3075     0.30600002 0.30525002 0.305      0.3045     0.304     ]
2025-12-26 23:00:00,0.3075,0.0,23,4,12,2025,4,[0.30600002 0.30525002 0.305      0.3045     0.304      0.304     ]
2025-12-27 00:00:00,0.30600002,0.0,0,5,12,2025,4,[0.30525002 0.305      0.3045     0.304      0.304      0.30324998]
2025-12-27 01:00:00,0.30525002,0.0,1,5,12,2025,4,[0.305      0.3045     0.304      0.304      0.30324998 0.30275   ]
2025-12-27 02:00:00,0.305,0.0,2,5,12,2025,4,[0.3045     0.304      0.304      0.30324998 0.30275    0.3025    ]
2025-12-27 03:00:00,0.3045,0.0,3,5,12,2025,4,[0.304      0.304      0.30324998 0.30275    0.3025     0.30225   ]
2025-12-27 04:00:00,0.304,0.0,4,5,12,2025,4,[0.304      0.30324998 0.30275    0.3025     0.30225    0.30175   ]
2025-12-27 05:00:00,0.304,0.0,5,5,12,2025,4,[0.30324998 0.30275    0.3025     0.30225    0.30175    0.30374998]
2025-12-27 06:00:00,0.30324998,0.0,6,5,12,2025,4,[0.30275    0.3025     0.30225    0.30175    0.30374998 0.303     ]
2025-12-27 07:00:00,0.30275,0.0,7,5,12,2025,4,[0.3025     0.30225    0.30175    0.30374998 0.303      0.30375   ]
2025-12-27 08:00:00,0.3025,0.0,8,5,12,2025,4,[0.30225    0.30175    0.30374998 0.303      0.30375    0.30324998]
2025-12-27 09:00:00,0.30225,0.0,9,5,12,2025,4,[0.30175    0.30374998 0.303      0.30375    0.30324998 0.30225   ]
2025-12-27 10:00:00,0.30175,0.0,10,5,12,2025,4,[0.30374998 0.303      0.30375    0.30324998 0.30225    0.302     ]
2025-12-27 11:00:00,0.30374998,0.0,11,5,12,2025,4,[0.303      0.30375    0.30324998 0.30225    0.302      0.3015    ]
2025-12-27 12:00:00,0.303,0.0,12,5,12,2025,4,[0.30375    0.30324998 0.30225    0.302      0.3015     0.30125   ]
2025-12-27 13:00:00,0.30375,0.0,13,5,12,2025,4,[0.30324998 0.30225    0.302      0.3015     0.30125    0.304     ]
2025-12-27 14:00:00,0.30324998,0.0,14,5,12,2025,4,[0.30225 0.302   0.3015  0.30125 0.304   0.3035 ]
2025-12-27 15:00:00,0.30225,0.0,15,5,12,2025,4,[0.302      0.3015     0.30125    0.304      0.3035     0.30324998]
2025-12-27 16:00:00,0.302,0.0,16,5,12,2025,4,[0.3015     0.30125    0.304      0.3035     0.30324998 0.303     ]
2025-12-27 17:00:00,0.3015,0.0,17,5,12,2025,4,[0.30125    0.304      0.3035     0.30324998 0.303      0.30275   ]
2025-12-27 18:00:00,0.30125,0.0,18,5,12,2025,4,[0.304      0.3035     0.30324998 0.303      0.30275    0.30249998]
2025-12-27 19:00:00,0.304,0.0,19,5,12,2025,4,[0.3035     0.30324998 0.303      0.30275    0.30249998 0.30275   ]
2025-12-27 20:00:00,0.3035,0.0,20,5,12,2025,4,[0.30324998 0.303      0.30275    0.30249998 0.30275    0.30225   ]
2025-12-27 21:00:00,0.30324998,0.0,21,5,12,2025,4,[0.303      0.30275    0.30249998 0.30275    0.30225    0.302     ]
2025-12-27 22:00:00,0.303,0.0,22,5,12,2025,4,[0.30275    0.30249998 0.30275    0.30225    0.302      0.302     ]
2025-12-27 23:00:00,0.30275,0.0,23,5,12,2025,4,[0.30249998 0.30275    0.30225    0.302      0.302      0.30225   ]
2025-12-28 00:00:00,0.30249998,0.0,0,6,12,2025,4,[0.30275 0.30225 0.302   0.302   0.30225 0.31325]
2025-12-28 01:00:00,0.30275,0.0,1,6,12,2025,4,[0.30225 0.302   0.302   0.30225 0.31325 0.32   ]
2025-12-28 02:00:00,0.30225,0.0,2,6,12,2025,4,[0.302   0.302   0.30225 0.31325 0.32    0.335  ]
2025-12-28 03:00:00,0.302,0.0,3,6,12,2025,4,[0.302      0.30225    0.31325    0.32       0.335      0.34875003]
2025-12-28 04:00:00,0.302,0.0,4,6,12,2025,4,[0.30225    0.31325    0.32       0.335      0.34875003 0.3465    ]
2025-12-28 05:00:00,0.30225,0.0,5,6,12,2025,4,[0.31325    0.32       0.335      0.34875003 0.3465     0.35000002]
2025-12-28 06:00:00,0.31325,1.1,6,6,12,2025,4,[0.32       0.335      0.34875003 0.3465     0.35000002 0.35900003]
2025-12-28 07:00:00,0.32,0.2,7,6,12,2025,4,[0.335      0.34875003 0.3465     0.35000002 0.35900003 0.3685    ]
2025-12-28 08:00:00,0.335,0.2,8,6,12,2025,4,[0.34875003 0.3465     0.35000002 0.35900003 0.3685     0.3685    ]
2025-12-28 09:00:00,0.34875003,2.8999999,9,6,12,2025,4,[0.3465     0.35000002 0.35900003 0.3685     0.3685     0.36625   ]
2025-12-28 10:00:00,0.3465,0.4,10,6,12,2025,4,[0.35000002 0.35900003 0.3685     0.3685     0.36625    0.36575   ]
2025-12-28 11:00:00,0.35000002,1.1,11,6,12,2025,4,[0.35900003 0.3685     0.3685     0.36625    0.36575    0.36525   ]
2025-12-28 12:00:00,0.35900003,1.2,12,6,12,2025,4,[0.3685     0.3685     0.36625    0.36575    0.36525    0.37300003]
2025-12-28 13:00:00,0.3685,0.5,13,6,12,2025,4,[0.3685     0.36625    0.36575    0.36525    0.37300003 0.353     ]
2025-12-28 14:00:00,0.3685,2.1000001,14,6,12,2025,4,[0.36625    0.36575    0.36525    0.37300003 0.353      0.35      ]
2025-12-28 15:00:00,0.36625,1.7,15,6,12,2025,4,[0.36575    0.36525    0.37300003 0.353      0.35       0.3505    ]
2025-12-28 16:00:00,0.36575,1.1,16,6,12,2025,4,[0.36525    0.37300003 0.353      0.35       0.3505     0.3505    ]
2025-12-28 17:00:00,0.36525,7.7,17,6,12,2025,4,[0.37300003 0.353      0.35       0.3505     0.3505     0.34600002]
2025-12-28 18:00:00,0.37300003,0.4,18,6,12,2025,4,[0.353      0.35       0.3505     0.3505     0.34600002 0.3425    ]
2025-12-28 19:00:00,0.353,0.0,19,6,12,2025,4,[0.35       0.3505     0.3505     0.34600002 0.3425     0.33825   ]
2025-12-28 20:00:00,0.35,0.0,20,6,12,2025,4,[0.3505     0.3505     0.34600002 0.3425     0.33825    0.3355    ]
2025-12-28 21:00:00,0.3505,1.0,21,6,12,2025,4,[0.3505     0.34600002 0.3425     0.33825    0.3355     0.333     ]
2025-12-28 22:00:00,0.3505,0.0,22,6,12,2025,4,[0.34600002 0.3425     0.33825    0.3355     0.333      0.33125   ]
2025-12-28 23:00:00,0.34600002,0.0,23,6,12,2025,4,[0.3425  0.33825 0.3355  0.333   0.33125 0.32925]
2025-12-29 00:00:00,0.3425,0.0,0,0,12,2025,4,[0.33825 0.3355  0.333   0.33125 0.32925 0.3275 ]
2025-12-29 01:00:00,0.33825,0.0,1,0,12,2025,4,[0.3355  0.333   0.33125 0.32925 0.3275  0.32675]
2025-12-29 02:00:00,0.3355,0.0,2,0,12,2025,4,[0.333   0.33125 0.32925 0.3275  0.32675 0.32575]
2025-12-29 03:00:00,0.333,0.0,3,0,12,2025,4,[0.33125    0.32925    0.3275     0.32675    0.32575    0.32450002]
2025-12-29 04:00:00,0.33125,0.0,4,0,12,2025,4,[0.32925    0.3275     0.32675    0.32575    0.32450002 0.32375002]
2025-12-29 05:00:00,0.32925,0.0,5,0,12,2025,4,[0.3275     0.32675    0.32575    0.32450002 0.32375002 0.32274997]
2025-12-29 06:00:00,0.3275,0.0,6,0,12,2025,4,[0.32675    0.32575    0.32450002 0.32375002 0.32274997 0.32225   ]
2025-12-29 07:00:00,0.32675,0.2,7,0,12,2025,4,[0.32575    0.32450002 0.32375002 0.32274997 0.32225    0.32175   ]
2025-12-29 08:00:00,0.32575,0.0,8,0,12,2025,4,[0.32450002 0.32375002 0.32274997 0.32225    0.32175    0.32125002]
2025-12-29 09:00:00,0.32450002,0.0,9,0,12,2025,4,[0.32375002 0.32274997 0.32225    0.32175    0.32125002 0.32024997]
2025-12-29 10:00:00,0.32375002,0.0,10,0,12,2025,4,[0.32274997 0.32225    0.32175    0.32125002 0.32024997 0.32      ]
2025-12-29 11:00:00,0.32274997,0.3,11,0,12,2025,4,[0.32225    0.32175    0.32125002 0.32024997 0.32       0.31925002]
2025-12-29 12:00:00,0.32225,0.1,12,0,12,2025,4,[0.32175    0.32125002 0.32024997 0.32       0.31925002 0.31875   ]
2025-12-29 13:00:00,0.32175,0.2,13,0,12,2025,4,[0.32125002 0.32024997 0.32       0.31925002 0.31875    0.31825   ]
2025-12-29 14:00:00,0.32125002,0.6,14,0,12,2025,4,[0.32024997 0.32       0.31925002 0.31875    0.31825    0.3175    ]
2025-12-29 15:00:00,0.32024997,0.2,15,0,12,2025,4,[0.32       0.31925002 0.31875    0.31825    0.3175     0.31725   ]
2025-12-29 16:00:00,0.32,0.1,16,0,12,2025,4,[0.31925002 0.31875    0.31825    0.3175     0.31725    0.31599998]
2025-12-29 17:00:00,0.31925002,0.4,17,0,12,2025,4,[0.31875    0.31825    0.3175     0.31725    0.31599998 0.3155    ]
2025-12-29 18:00:00,0.31875,0.2,18,0,12,2025,4,[0.31825    0.3175     0.31725    0.31599998 0.3155     0.315     ]
2025-12-29 19:00:00,0.31825,0.0,19,0,12,2025,4,[0.3175     0.31725    0.31599998 0.3155     0.315      0.3145    ]
2025-12-29 20:00:00,0.3175,0.1,20,0,12,2025,4,[0.31725    0.31599998 0.3155     0.315      0.3145     0.31375   ]
2025-12-29 21:00:00,0.31725,0.1,21,0,12,2025,4,[0.31599998 0.3155     0.315      0.3145     0.31375    0.31375   ]
2025-12-29 22:00:00,0.31599998,0.0,22,0,12,2025,4,[0.3155     0.315      0.3145     0.31375    0.31375    0.31300002]
2025-12-29 23:00:00,0.3155,0.0,23,0,12,2025,4,[0.315      0.3145     0.31375    0.31375    0.31300002 0.31275   ]
2025-12-30 00:00:00,0.315,0.2,0,1,12,2025,4,[0.3145     0.31375    0.31375    0.31300002 0.31275    0.31275   ]
2025-12-30 01:00:00,0.3145,0.0,1,1,12,2025,4,[0.31375    0.31375    0.31300002 0.31275    0.31275    0.31199998]
2025-12-30 02:00:00,0.31375,0.0,2,1,12,2025,4,[0.31375    0.31300002 0.31275    0.31275    0.31199998 0.3115    ]
2025-12-30 03:00:00,0.31375,0.0,3,1,12,2025,4,[0.31300002 0.31275    0.31275    0.31199998 0.3115     0.311     ]
2025-12-30 04:00:00,0.31300002,0.0,4,1,12,2025,4,[0.31275    0.31275    0.31199998 0.3115     0.311      0.31075   ]
2025-12-30 05:00:00,0.31275,0.0,5,1,12,2025,4,[0.31275    0.31199998 0.3115     0.311      0.31075    0.31024998]
2025-12-30 06:00:00,0.31275,0.0,6,1,12,2025,4,[0.31199998 0.3115     0.311      0.31075    0.31024998 0.30975002]
2025-12-30 07:00:00,0.31199998,0.0,7,1,12,2025,4,[0.3115     0.311      0.31075    0.31024998 0.30975002 0.309     ]
2025-12-30 08:00:00,0.3115,0.0,8,1,12,2025,4,[0.311      0.31075    0.31024998 0.30975002 0.309      0.30875   ]
2025-12-30 09:00:00,0.311,0.0,9,1,12,2025,4,[0.31075    0.31024998 0.30975002 0.309      0.30875    0.308     ]
2025-12-30 10:00:00,0.31075,0.0,10,1,12,2025,4,[0.31024998 0.30975002 0.309      0.30875    0.308      0.308     ]
2025-12-30 11:00:00,0.31024998,0.0,11,1,12,2025,4,[0.30975002 0.309      0.30875    0.308      0.308      0.3075    ]
2025-12-30 12:00:00,0.30975002,0.0,12,1,12,2025,4,[0.309   0.30875 0.308   0.308   0.3075  0.30725]
2025-12-30 13:00:00,0.309,0.0,13,1,12,2025,4,[0.30875    0.308      0.308      0.3075     0.30725    0.30725002]
2025-12-30 14:00:00,0.30875,0.0,14,1,12,2025,4,[0.308      0.308      0.3075     0.30725    0.30725002 0.307     ]
2025-12-30 15:00:00,0.308,0.0,15,1,12,2025,4,[0.308      0.3075     0.30725    0.30725002 0.307      0.30675   ]
2025-12-30 16:00:00,0.308,0.0,16,1,12,2025,4,[0.3075     0.30725    0.30725002 0.307      0.30675    0.307     ]
2025-12-30 17:00:00,0.3075,0.0,17,1,12,2025,4,[0.30725    0.30725002 0.307      0.30675    0.307      0.307     ]
2025-12-30 18:00:00,0.30725,0.0,18,1,12,2025,4,[0.30725002 0.307      0.30675    0.307      0.307      0.30699998]
2025-12-30 19:00:00,0.30725002,0.0,19,1,12,2025,4,[0.307      0.30675    0.307      0.307      0.30699998 0.30675   ]
2025-12-30 20:00:00,0.307,0.0,20,1,12,2025,4,[0.30675    0.307      0.307      0.30699998 0.30675    0.307     ]
2025-12-30 21:00:00,0.30675,0.0,21,1,12,2025,4,[0.307      0.307      0.30699998 0.30675    0.307      0.307     ]
2025-12-30 22:00:00,0.307,0.0,22,1,12,2025,4,[0.307      0.30699998 0.30675    0.307      0.307      0.307     ]
2025-12-30 23:00:00,0.307,0.0,23,1,12,2025,4,[0.30699998 0.30675    0.307      0.307      0.307      0.307     ]
2025-12-31 00:00:00,0.30699998,0.0,0,2,12,2025,4,[0.30675    0.307      0.307      0.307      0.307      0.30725002]
2025-12-31 01:00:00,0.30675,0.0,1,2,12,2025,4,[0.307      0.307      0.307      0.307      0.30725002 0.30725002]
2025-12-31 02:00:00,0.307,0.0,2,2,12,2025,4,[0.307      0.307      0.307      0.30725002 0.30725002 0.30725002]
2025-12-31 03:00:00,0.307,0.0,3,2,12,2025,4,[0.307      0.307      0.30725002 0.30725002 0.30725002 0.30725002]
2025-12-31 04:00:00,0.307,0.0,4,2,12,2025,4,[0.307      0.30725002 0.30725002 0.30725002 0.30725002 0.3075    ]
2025-12-31 05:00:00,0.307,0.0,5,2,12,2025,4,[0.30725002 0.30725002 0.30725002 0.30725002 0.3075     0.3075    ]
2025-12-31 06:00:00,0.30725002,0.0,6,2,12,2025,4,[0.30725002 0.30725002 0.30725002 0.3075     0.3075     0.3075    ]
2025-12-31 07:00:00,0.30725002,0.0,7,2,12,2025,4,[0.30725002 0.30725002 0.3075     0.3075     0.3075     0.30725   ]
2025-12-31 08:00:00,0.30725002,0.0,8,2,12,2025,4,[0.30725002 0.3075     0.3075     0.3075     0.30725    0.307     ]
2025-12-31 09:00:00,0.30725002,0.0,9,2,12,2025,4,[0.3075  0.3075  0.3075  0.30725 0.307   0.30725]
2025-12-31 10:00:00,0.3075,0.0,10,2,12,2025,4,[0.3075  0.3075  0.30725 0.307   0.30725 0.30725]
2025-12-31 11:00:00,0.3075,0.0,11,2,12,2025,4,[0.3075  0.30725 0.307   0.30725 0.30725 0.3075 ]
2025-12-31 12:00:00,0.3075,0.0,12,2,12,2025,4,[0.30725    0.307      0.30725    0.30725    0.3075     0.30749997]
2025-12-31 13:00:00,0.30725,0.1,13,2,12,2025,4,[0.307      0.30725    0.30725    0.3075     0.30749997 0.30775   ]
2025-12-31 14:00:00,0.307,0.2,14,2,12,2025,4,[0.30725    0.30725    0.3075     0.30749997 0.30775    0.30775   ]
2025-12-31 15:00:00,0.30725,0.0,15,2,12,2025,4,[0.30725    0.3075     0.30749997 0.30775    0.30775    0.30825   ]
2025-12-31 16:00:00,0.30725,0.3,16,2,12,2025,4,[0.3075     0.30749997 0.30775    0.30775    0.30825    0.308     ]
2025-12-31 17:00:00,0.3075,0.4,17,2,12,2025,4,[0.30749997 0.30775    0.30775    0.30825    0.308      0.30775002]
2025-12-31 18:00:00,0.30749997,0.8000001,18,2,12,2025,4,[0.30775    0.30775    0.30825    0.308      0.30775002 0.30775002]
2025-12-31 19:00:00,0.30775,0.2,19,2,12,2025,4,[0.30775    0.30825    0.308      0.30775002 0.30775002 0.3075    ]
2025-12-31 20:00:00,0.30775,0.6,20,2,12,2025,4,[0.30825    0.308      0.30775002 0.30775002 0.3075     0.3075    ]
2025-12-31 21:00:00,0.30825,1.0,21,2,12,2025,4,[0.308      0.30775002 0.30775002 0.3075     0.3075     0.3075    ]
2025-12-31 22:00:00,0.308,0.0,22,2,12,2025,4,[0.30775002 0.30775002 0.3075     0.3075     0.3075     0.3075    ]
2025-12-31 23:00:00,0.30775002,0.0,23,2,12,2025,4,[0.30775002 0.3075     0.3075     0.3075     0.3075     0.3075    ]
2026-01-01 00:00:00,0.30775002,0.0,0,3,1,2026,1,[0.3075  0.3075  0.3075  0.3075  0.3075  0.30775]
2026-01-01 01:00:00,0.3075,0.0,1,3,1,2026,1,[0.3075  0.3075  0.3075  0.3075  0.30775 0.308  ]
2026-01-01 02:00:00,0.3075,0.0,2,3,1,2026,1,[0.3075  0.3075  0.3075  0.30775 0.308   0.308  ]
2026-01-01 03:00:00,0.3075,0.0,3,3,1,2026,1,[0.3075  0.3075  0.30775 0.308   0.308   0.308  ]
2026-01-01 04:00:00,0.3075,0.0,4,3,1,2026,1,[0.3075  0.30775 0.308   0.308   0.308   0.308  ]
2026-01-01 05:00:00,0.3075,0.0,5,3,1,2026,1,[0.30775 0.308   0.308   0.308   0.308   0.308  ]
2026-01-01 06:00:00,0.30775,0.0,6,3,1,2026,1,[0.308 0.308 0.308 0.308 0.308 0.308]
2026-01-01 07:00:00,0.308,0.0,7,3,1,2026,1,[0.308 0.308 0.308 0.308 0.308 0.308]
2026-01-01 08:00:00,0.308,0.0,8,3,1,2026,1,[0.308 0.308 0.308 0.308 0.308 0.308]
2026-01-01 09:00:00,0.308,0.0,9,3,1,2026,1,[0.308 0.308 0.308 0.308 0.308 0.308]
2026-01-01 10:00:00,0.308,0.0,10,3,1,2026,1,[0.308 0.308 0.308 0.308 0.308 0.308]
2026-01-01 11:00:00,0.308,0.0,11,3,1,2026,1,[0.308      0.308      0.308      0.308      0.308      0.30775002]
2026-01-01 12:00:00,0.308,0.0,12,3,1,2026,1,[0.308      0.308      0.308      0.308      0.30775002 0.30775002]
2026-01-01 13:00:00,0.308,0.0,13,3,1,2026,1,[0.308      0.308      0.308      0.30775002 0.30775002 0.30775002]
2026-01-01 14:00:00,0.308,0.0,14,3,1,2026,1,[0.308      0.308      0.30775002 0.30775002 0.30775002 0.30775002]
2026-01-01 15:00:00,0.308,0.0,15,3,1,2026,1,[0.308      0.30775002 0.30775002 0.30775002 0.30775002 0.30775002]
2026-01-01 16:00:00,0.308,0.0,16,3,1,2026,1,[0.30775002 0.30775002 0.30775002 0.30775002 0.30775002 0.30775002]
2026-01-01 17:00:00,0.30775002,0.0,17,3,1,2026,1,[0.30775002 0.30775002 0.30775002 0.30775002 0.30775002 0.30775002]
2026-01-01 18:00:00,0.30775002,0.0,18,3,1,2026,1,[0.30775002 0.30775002 0.30775002 0.30775002 0.30775002 0.3075    ]
2026-01-01 19:00:00,0.30775002,0.0,19,3,1,2026,1,[0.30775002 0.30775002 0.30775002 0.30775002 0.3075     0.30775   ]
2026-01-01 20:00:00,0.30775002,0.0,20,3,1,2026,1,[0.30775002 0.30775002 0.30775002 0.3075     0.30775    0.30775   ]
2026-01-01 21:00:00,0.30775002,0.4,21,3,1,2026,1,[0.30775002 0.30775002 0.3075     0.30775    0.30775    0.30775   ]
2026-01-01 22:00:00,0.30775002,0.0,22,3,1,2026,1,[0.30775002 0.3075     0.30775    0.30775    0.30775    0.30775   ]
2026-01-01 23:00:00,0.30775002,0.0,23,3,1,2026,1,[0.3075  0.30775 0.30775 0.30775 0.30775 0.30775]
2026-01-02 00:00:00,0.3075,0.0,0,4,1,2026,1,[0.30775 0.30775 0.30775 0.30775 0.30775 0.30775]
2026-01-02 01:00:00,0.30775,0.0,1,4,1,2026,1,[0.30775 0.30775 0.30775 0.30775 0.30775 0.30775]
2026-01-02 02:00:00,0.30775,0.0,2,4,1,2026,1,[0.30775    0.30775    0.30775    0.30775    0.30775    0.30800003]
2026-01-02 03:00:00,0.30775,0.0,3,4,1,2026,1,[0.30775    0.30775    0.30775    0.30775    0.30800003 0.30800003]
2026-01-02 04:00:00,0.30775,0.0,4,4,1,2026,1,[0.30775    0.30775    0.30775    0.30800003 0.30800003 0.30800003]
2026-01-02 05:00:00,0.30775,0.0,5,4,1,2026,1,[0.30775    0.30775    0.30800003 0.30800003 0.30800003 0.30800003]
2026-01-02 06:00:00,0.30775,0.0,6,4,1,2026,1,[0.30775    0.30800003 0.30800003 0.30800003 0.30800003 0.30800003]
2026-01-02 07:00:00,0.30775,0.0,7,4,1,2026,1,[0.30800003 0.30800003 0.30800003 0.30800003 0.30800003 0.30800003]
2026-01-02 08:00:00,0.30800003,0.0,8,4,1,2026,1,[0.30800003 0.30800003 0.30800003 0.30800003 0.30800003 0.30800003]
2026-01-02 09:00:00,0.30800003,0.0,9,4,1,2026,1,[0.30800003 0.30800003 0.30800003 0.30800003 0.30800003 0.30775   ]
2026-01-02 10:00:00,0.30800003,0.0,10,4,1,2026,1,[0.30800003 0.30800003 0.30800003 0.30800003 0.30775    0.30775   ]
2026-01-02 11:00:00,0.30800003,0.0,11,4,1,2026,1,[0.30800003 0.30800003 0.30800003 0.30775    0.30775    0.30775   ]
2026-01-02 12:00:00,0.30800003,0.0,12,4,1,2026,1,[0.30800003 0.30800003 0.30775    0.30775    0.30775    0.30775   ]
2026-01-02 13:00:00,0.30800003,0.0,13,4,1,2026,1,[0.30800003 0.30775    0.30775    0.30775    0.30775    0.30775   ]
2026-01-02 14:00:00,0.30800003,0.0,14,4,1,2026,1,[0.30775 0.30775 0.30775 0.30775 0.30775 0.30775]
2026-01-02 15:00:00,0.30775,0.0,15,4,1,2026,1,[0.30775 0.30775 0.30775 0.30775 0.30775 0.30775]
2026-01-02 16:00:00,0.30775,0.0,16,4,1,2026,1,[0.30775 0.30775 0.30775 0.30775 0.30775 0.30775]
2026-01-02 17:00:00,0.30775,0.0,17,4,1,2026,1,[0.30775 0.30775 0.30775 0.30775 0.30775 0.30775]
2026-01-02 18:00:00,0.30775,0.0,18,4,1,2026,1,[0.30775 0.30775 0.30775 0.30775 0.30775 0.30775]
2026-01-02 19:00:00,0.30775,0.0,19,4,1,2026,1,[0.30775 0.30775 0.30775 0.30775 0.30775 0.30775]
2026-01-02 20:00:00,0.30775,0.0,20,4,1,2026,1,[0.30775 0.30775 0.30775 0.30775 0.30775 0.30775]
2026-01-02 21:00:00,0.30775,0.0,21,4,1,2026,1,[0.30775 0.30775 0.30775 0.30775 0.30775 0.30775]
2026-01-02 22:00:00,0.30775,0.0,22,4,1,2026,1,[0.30775 0.30775 0.30775 0.30775 0.30775 0.3075 ]
2026-01-02 23:00:00,0.30775,0.0,23,4,1,2026,1,[0.30775 0.30775 0.30775 0.30775 0.3075  0.3075 ]
2026-01-03 00:00:00,0.30775,0.0,0,5,1,2026,1,[0.30775 0.30775 0.30775 0.3075  0.3075  0.3075 ]
2026-01-03 01:00:00,0.30775,0.0,1,5,1,2026,1,[0.30775 0.30775 0.3075  0.3075  0.3075  0.3075 ]
2026-01-03 02:00:00,0.30775,0.0,2,5,1,2026,1,[0.30775 0.3075  0.3075  0.3075  0.3075  0.3075 ]
2026-01-03 03:00:00,0.30775,0.0,3,5,1,2026,1,[0.3075 0.3075 0.3075 0.3075 0.3075 0.3075]
2026-01-03 04:00:00,0.3075,0.0,4,5,1,2026,1,[0.3075 0.3075 0.3075 0.3075 0.3075 0.3075]
2026-01-03 05:00:00,0.3075,0.0,5,5,1,2026,1,[0.3075 0.3075 0.3075 0.3075 0.3075 0.3075]
2026-01-03 06:00:00,0.3075,0.0,6,5,1,2026,1,[0.3075 0.3075 0.3075 0.3075 0.3075 0.3075]
2026-01-03 07:00:00,0.3075,0.0,7,5,1,2026,1,[0.3075  0.3075  0.3075  0.3075  0.3075  0.30725]
2026-01-03 08:00:00,0.3075,0.0,8,5,1,2026,1,[0.3075     0.3075     0.3075     0.3075     0.30725    0.30699998]
2026-01-03 09:00:00,0.3075,0.0,9,5,1,2026,1,[0.3075     0.3075     0.3075     0.30725    0.30699998 0.30699998]
2026-01-03 10:00:00,0.3075,0.0,10,5,1,2026,1,[0.3075     0.3075     0.30725    0.30699998 0.30699998 0.30699998]
2026-01-03 11:00:00,0.3075,0.0,11,5,1,2026,1,[0.3075     0.30725    0.30699998 0.30699998 0.30699998 0.30699998]
2026-01-03 12:00:00,0.3075,0.0,12,5,1,2026,1,[0.30725    0.30699998 0.30699998 0.30699998 0.30699998 0.30699998]
2026-01-03 13:00:00,0.30725,0.0,13,5,1,2026,1,[0.30699998 0.30699998 0.30699998 0.30699998 0.30699998 0.30699998]
2026-01-03 14:00:00,0.30699998,0.0,14,5,1,2026,1,[0.30699998 0.30699998 0.30699998 0.30699998 0.30699998 0.307     ]
2026-01-03 15:00:00,0.30699998,0.0,15,5,1,2026,1,[0.30699998 0.30699998 0.30699998 0.30699998 0.307      0.30675   ]
2026-01-03 16:00:00,0.30699998,0.1,16,5,1,2026,1,[0.30699998 0.30699998 0.30699998 0.307      0.30675    0.30675   ]
2026-01-03 17:00:00,0.30699998,0.0,17,5,1,2026,1,[0.30699998 0.30699998 0.307      0.30675    0.30675    0.30675   ]
2026-01-03 18:00:00,0.30699998,0.0,18,5,1,2026,1,[0.30699998 0.307      0.30675    0.30675    0.30675    0.30675   ]
2026-01-03 19:00:00,0.30699998,0.2,19,5,1,2026,1,[0.307   0.30675 0.30675 0.30675 0.30675 0.30675]
2026-01-03 20:00:00,0.307,0.3,20,5,1,2026,1,[0.30675 0.30675 0.30675 0.30675 0.30675 0.30675]
2026-01-03 21:00:00,0.30675,0.0,21,5,1,2026,1,[0.30675 0.30675 0.30675 0.30675 0.30675 0.30675]
2026-01-03 22:00:00,0.30675,0.0,22,5,1,2026,1,[0.30675 0.30675 0.30675 0.30675 0.30675 0.30675]
2026-01-03 23:00:00,0.30675,0.0,23,5,1,2026,1,[0.30675 0.30675 0.30675 0.30675 0.30675 0.30675]
2026-01-04 00:00:00,0.30675,0.0,0,6,1,2026,1,[0.30675 0.30675 0.30675 0.30675 0.30675 0.30675]
2026-01-04 01:00:00,0.30675,0.0,1,6,1,2026,1,[0.30675 0.30675 0.30675 0.30675 0.30675 0.30675]
2026-01-04 02:00:00,0.30675,0.0,2,6,1,2026,1,[0.30675 0.30675 0.30675 0.30675 0.30675 0.30675]
2026-01-04 03:00:00,0.30675,0.0,3,6,1,2026,1,[0.30675 0.30675 0.30675 0.30675 0.30675 0.30675]
2026-01-04 04:00:00,0.30675,0.0,4,6,1,2026,1,[0.30675 0.30675 0.30675 0.30675 0.30675 0.30675]
2026-01-04 05:00:00,0.30675,0.0,5,6,1,2026,1,[0.30675 0.30675 0.30675 0.30675 0.30675 0.30675]
2026-01-04 06:00:00,0.30675,0.0,6,6,1,2026,1,[0.30675 0.30675 0.30675 0.30675 0.30675 0.30925]
2026-01-04 07:00:00,0.30675,0.0,7,6,1,2026,1,[0.30675 0.30675 0.30675 0.30675 0.30925 0.31125]
2026-01-04 08:00:00,0.30675,0.0,8,6,1,2026,1,[0.30675 0.30675 0.30675 0.30925 0.31125 0.313  ]
2026-01-04 09:00:00,0.30675,0.0,9,6,1,2026,1,[0.30675 0.30675 0.30925 0.31125 0.313   0.31275]
2026-01-04 10:00:00,0.30675,0.0,10,6,1,2026,1,[0.30675    0.30925    0.31125    0.313      0.31275    0.31225002]
2026-01-04 11:00:00,0.30675,0.0,11,6,1,2026,1,[0.30925    0.31125    0.313      0.31275    0.31225002 0.31175   ]
2026-01-04 12:00:00,0.30925,0.0,12,6,1,2026,1,[0.31125    0.313      0.31275    0.31225002 0.31175    0.3115    ]
2026-01-04 13:00:00,0.31125,0.0,13,6,1,2026,1,[0.313      0.31275    0.31225002 0.31175    0.3115     0.311     ]
2026-01-04 14:00:00,0.313,0.0,14,6,1,2026,1,[0.31275    0.31225002 0.31175    0.3115     0.311      0.31075   ]
2026-01-04 15:00:00,0.31275,0.0,15,6,1,2026,1,[0.31225002 0.31175    0.3115     0.311      0.31075    0.31075   ]
2026-01-04 16:00:00,0.31225002,0.0,16,6,1,2026,1,[0.31175 0.3115  0.311   0.31075 0.31075 0.3105 ]
2026-01-04 17:00:00,0.31175,0.0,17,6,1,2026,1,[0.3115  0.311   0.31075 0.31075 0.3105  0.3105 ]
2026-01-04 18:00:00,0.3115,0.0,18,6,1,2026,1,[0.311      0.31075    0.31075    0.3105     0.3105     0.31024998]
2026-01-04 19:00:00,0.311,0.0,19,6,1,2026,1,[0.31075    0.31075    0.3105     0.3105     0.31024998 0.31024998]
2026-01-04 20:00:00,0.31075,0.0,20,6,1,2026,1,[0.31075    0.3105     0.3105     0.31024998 0.31024998 0.31      ]
2026-01-04 21:00:00,0.31075,0.0,21,6,1,2026,1,[0.3105     0.3105     0.31024998 0.31024998 0.31       0.31      ]
2026-01-04 22:00:00,0.3105,0.0,22,6,1,2026,1,[0.3105     0.31024998 0.31024998 0.31       0.31       0.30975   ]
2026-01-04 23:00:00,0.3105,0.0,23,6,1,2026,1,[0.31024998 0.31024998 0.31       0.31       0.30975    0.30975   ]
2026-01-05 00:00:00,0.31024998,0.0,0,0,1,2026,1,[0.31024998 0.31       0.31       0.30975    0.30975    0.30975   ]
2026-01-05 01:00:00,0.31024998,0.0,1,0,1,2026,1,[0.31    0.31    0.30975 0.30975 0.30975 0.30975]
2026-01-05 02:00:00,0.31,0.0,2,0,1,2026,1,[0.31       0.30975    0.30975    0.30975    0.30975    0.30949998]
2026-01-05 03:00:00,0.31,0.0,3,0,1,2026,1,[0.30975    0.30975    0.30975    0.30975    0.30949998 0.30949998]
2026-01-05 04:00:00,0.30975,0.0,4,0,1,2026,1,[0.30975    0.30975    0.30975    0.30949998 0.30949998 0.30925   ]
2026-01-05 05:00:00,0.30975,0.0,5,0,1,2026,1,[0.30975    0.30975    0.30949998 0.30949998 0.30925    0.31      ]
2026-01-05 06:00:00,0.30975,0.0,6,0,1,2026,1,[0.30975    0.30949998 0.30949998 0.30925    0.31       0.315     ]
2026-01-05 07:00:00,0.30975,0.0,7,0,1,2026,1,[0.30949998 0.30949998 0.30925    0.31       0.315      0.32125   ]
2026-01-05 08:00:00,0.30949998,0.0,8,0,1,2026,1,[0.30949998 0.30925    0.31       0.315      0.32125    0.32375002]
2026-01-05 09:00:00,0.30949998,0.0,9,0,1,2026,1,[0.30925    0.31       0.315      0.32125    0.32375002 0.325     ]
2026-01-05 10:00:00,0.30925,0.0,10,0,1,2026,1,[0.31       0.315      0.32125    0.32375002 0.325      0.32475   ]
2026-01-05 11:00:00,0.31,0.0,11,0,1,2026,1,[0.315      0.32125    0.32375002 0.325      0.32475    0.32349998]
2026-01-05 12:00:00,0.315,0.0,12,0,1,2026,1,[0.32125    0.32375002 0.325      0.32475    0.32349998 0.32275003]
2026-01-05 13:00:00,0.32125,0.0,13,0,1,2026,1,[0.32375002 0.325      0.32475    0.32349998 0.32275003 0.32274997]
2026-01-05 14:00:00,0.32375002,0.0,14,0,1,2026,1,[0.325      0.32475    0.32349998 0.32275003 0.32274997 0.32225   ]
2026-01-05 15:00:00,0.325,0.0,15,0,1,2026,1,[0.32475    0.32349998 0.32275003 0.32274997 0.32225    0.32200003]
2026-01-05 16:00:00,0.32475,0.0,16,0,1,2026,1,[0.32349998 0.32275003 0.32274997 0.32225    0.32200003 0.32125002]
2026-01-05 17:00:00,0.32349998,0.0,17,0,1,2026,1,[0.32275003 0.32274997 0.32225    0.32200003 0.32125002 0.321     ]
2026-01-05 18:00:00,0.32275003,0.0,18,0,1,2026,1,[0.32274997 0.32225    0.32200003 0.32125002 0.321      0.32050002]
2026-01-05 19:00:00,0.32274997,0.0,19,0,1,2026,1,[0.32225    0.32200003 0.32125002 0.321      0.32050002 0.32050002]
2026-01-05 20:00:00,0.32225,0.0,20,0,1,2026,1,[0.32200003 0.32125002 0.321      0.32050002 0.32050002 0.32050002]
2026-01-05 21:00:00,0.32200003,0.0,21,0,1,2026,1,[0.32125002 0.321      0.32050002 0.32050002 0.32050002 0.32      ]
2026-01-05 22:00:00,0.32125002,0.0,22,0,1,2026,1,[0.321      0.32050002 0.32050002 0.32050002 0.32       0.31975   ]
2026-01-05 23:00:00,0.321,0.0,23,0,1,2026,1,[0.32050002 0.32050002 0.32050002 0.32       0.31975    0.3195    ]
2026-01-06 00:00:00,0.32050002,0.0,0,1,1,2026,1,[0.32050002 0.32050002 0.32       0.31975    0.3195     0.31925   ]
2026-01-06 01:00:00,0.32050002,0.0,1,1,1,2026,1,[0.32050002 0.32       0.31975    0.3195     0.31925    0.31875002]
2026-01-06 02:00:00,0.32050002,0.0,2,1,1,2026,1,[0.32       0.31975    0.3195     0.31925    0.31875002 0.319     ]
2026-01-06 03:00:00,0.32,0.0,3,1,1,2026,1,[0.31975    0.3195     0.31925    0.31875002 0.319      0.31925   ]
2026-01-06 04:00:00,0.31975,0.0,4,1,1,2026,1,[0.3195     0.31925    0.31875002 0.319      0.31925    0.32050002]
2026-01-06 05:00:00,0.3195,0.0,5,1,1,2026,1,[0.31925    0.31875002 0.319      0.31925    0.32050002 0.32275003]
2026-01-06 06:00:00,0.31925,0.0,6,1,1,2026,1,[0.31875002 0.319      0.31925    0.32050002 0.32275003 0.32475   ]
2026-01-06 07:00:00,0.31875002,0.0,7,1,1,2026,1,[0.319      0.31925    0.32050002 0.32275003 0.32475    0.32674998]
2026-01-06 08:00:00,0.319,0.1,8,1,1,2026,1,[0.31925    0.32050002 0.32275003 0.32475    0.32674998 0.32875   ]
2026-01-06 09:00:00,0.31925,0.0,9,1,1,2026,1,[0.32050002 0.32275003 0.32475    0.32674998 0.32875    0.3305    ]
2026-01-06 10:00:00,0.32050002,0.0,10,1,1,2026,1,[0.32275003 0.32475    0.32674998 0.32875    0.3305     0.33325   ]
2026-01-06 11:00:00,0.32275003,0.2,11,1,1,2026,1,[0.32475    0.32674998 0.32875    0.3305     0.33325    0.33475   ]
2026-01-06 12:00:00,0.32475,0.70000005,12,1,1,2026,1,[0.32674998 0.32875    0.3305     0.33325    0.33475    0.33599997]
2026-01-06 13:00:00,0.32674998,0.5,13,1,1,2026,1,[0.32875    0.3305     0.33325    0.33475    0.33599997 0.3325    ]
2026-01-06 14:00:00,0.32875,0.0,14,1,1,2026,1,[0.3305     0.33325    0.33475    0.33599997 0.3325     0.33125   ]
2026-01-06 15:00:00,0.3305,0.0,15,1,1,2026,1,[0.33325    0.33475    0.33599997 0.3325     0.33125    0.32999998]
2026-01-06 16:00:00,0.33325,0.2,16,1,1,2026,1,[0.33475    0.33599997 0.3325     0.33125    0.32999998 0.32875   ]
2026-01-06 17:00:00,0.33475,0.1,17,1,1,2026,1,[0.33599997 0.3325     0.33125    0.32999998 0.32875    0.32825   ]
2026-01-06 18:00:00,0.33599997,0.1,18,1,1,2026,1,[0.3325     0.33125    0.32999998 0.32875    0.32825    0.3275    ]
2026-01-06 19:00:00,0.3325,0.0,19,1,1,2026,1,[0.33125    0.32999998 0.32875    0.32825    0.3275     0.32475   ]
2026-01-06 20:00:00,0.33125,0.0,20,1,1,2026,1,[0.32999998 0.32875    0.32825    0.3275     0.32475    0.324     ]
2026-01-06 21:00:00,0.32999998,0.0,21,1,1,2026,1,[0.32875    0.32825    0.3275     0.32475    0.324      0.32349998]
2026-01-06 22:00:00,0.32875,0.0,22,1,1,2026,1,[0.32825    0.3275     0.32475    0.324      0.32349998 0.32275003]
2026-01-06 23:00:00,0.32825,0.0,23,1,1,2026,1,[0.3275     0.32475    0.324      0.32349998 0.32275003 0.3225    ]
2026-01-07 00:00:00,0.3275,0.0,0,2,1,2026,1,[0.32475    0.324      0.32349998 0.32275003 0.3225     0.32175   ]
2026-01-07 01:00:00,0.32475,0.0,1,2,1,2026,1,[0.324      0.32349998 0.32275003 0.3225     0.32175    0.32025   ]
2026-01-07 02:00:00,0.324,0.0,2,2,1,2026,1,[0.32349998 0.32275003 0.3225     0.32175    0.32025    0.31975   ]
2026-01-07 03:00:00,0.32349998,0.0,3,2,1,2026,1,[0.32275003 0.3225     0.32175    0.32025    0.31975    0.3195    ]
2026-01-07 04:00:00,0.32275003,0.0,4,2,1,2026,1,[0.3225  0.32175 0.32025 0.31975 0.3195  0.319  ]
2026-01-07 05:00:00,0.3225,0.0,5,2,1,2026,1,[0.32175 0.32025 0.31975 0.3195  0.319   0.31875]
2026-01-07 06:00:00,0.32175,0.0,6,2,1,2026,1,[0.32025 0.31975 0.3195  0.319   0.31875 0.31825]
2026-01-07 07:00:00,0.32025,0.0,7,2,1,2026,1,[0.31975 0.3195  0.319   0.31875 0.31825 0.317  ]
2026-01-07 08:00:00,0.31975,0.0,8,2,1,2026,1,[0.3195  0.319   0.31875 0.31825 0.317   0.3165 ]
2026-01-07 09:00:00,0.3195,0.0,9,2,1,2026,1,[0.319      0.31875    0.31825    0.317      0.3165     0.31625003]
2026-01-07 10:00:00,0.319,0.0,10,2,1,2026,1,[0.31875    0.31825    0.317      0.3165     0.31625003 0.31599998]
2026-01-07 11:00:00,0.31875,0.0,11,2,1,2026,1,[0.31825    0.317      0.3165     0.31625003 0.31599998 0.31550002]
2026-01-07 12:00:00,0.31825,0.0,12,2,1,2026,1,[0.317      0.3165     0.31625003 0.31599998 0.31550002 0.31524998]
2026-01-07 13:00:00,0.317,0.0,13,2,1,2026,1,[0.3165     0.31625003 0.31599998 0.31550002 0.31524998 0.31024998]
2026-01-07 14:00:00,0.3165,0.0,14,2,1,2026,1,[0.31625003 0.31599998 0.31550002 0.31524998 0.31024998 0.31024998]
2026-01-07 15:00:00,0.31625003,0.0,15,2,1,2026,1,[0.31599998 0.31550002 0.31524998 0.31024998 0.31024998 0.31      ]
2026-01-07 16:00:00,0.31599998,0.0,16,2,1,2026,1,[0.31550002 0.31524998 0.31024998 0.31024998 0.31       0.31      ]
2026-01-07 17:00:00,0.31550002,0.0,17,2,1,2026,1,[0.31524998 0.31024998 0.31024998 0.31       0.31       0.30975002]
2026-01-07 18:00:00,0.31524998,0.0,18,2,1,2026,1,[0.31024998 0.31024998 0.31       0.31       0.30975002 0.30975002]
2026-01-07 19:00:00,0.31024998,0.0,19,2,1,2026,1,[0.31024998 0.31       0.31       0.30975002 0.30975002 0.30949998]
2026-01-07 20:00:00,0.31024998,0.0,20,2,1,2026,1,[0.31       0.31       0.30975002 0.30975002 0.30949998 0.30975002]
2026-01-07 21:00:00,0.31,0.0,21,2,1,2026,1,[0.31       0.30975002 0.30975002 0.30949998 0.30975002 0.30975002]
2026-01-07 22:00:00,0.31,0.0,22,2,1,2026,1,[0.30975002 0.30975002 0.30949998 0.30975002 0.30975002 0.30975002]
2026-01-07 23:00:00,0.30975002,0.0,23,2,1,2026,1,[0.30975002 0.30949998 0.30975002 0.30975002 0.30975002 0.30949998]
2026-01-08 00:00:00,0.30975002,0.0,0,3,1,2026,1,[0.30949998 0.30975002 0.30975002 0.30975002 0.30949998 0.30925   ]
2026-01-08 01:00:00,0.30949998,0.0,1,3,1,2026,1,[0.30975002 0.30975002 0.30975002 0.30949998 0.30925    0.309     ]
2026-01-08 02:00:00,0.30975002,0.0,2,3,1,2026,1,[0.30975002 0.30975002 0.30949998 0.30925    0.309      0.309     ]
2026-01-08 03:00:00,0.30975002,0.0,3,3,1,2026,1,[0.30975002 0.30949998 0.30925    0.309      0.309      0.309     ]
2026-01-08 04:00:00,0.30975002,0.0,4,3,1,2026,1,[0.30949998 0.30925    0.309      0.309      0.309      0.309     ]
2026-01-08 05:00:00,0.30949998,0.0,5,3,1,2026,1,[0.30925 0.309   0.309   0.309   0.309   0.30975]
2026-01-08 06:00:00,0.30925,0.0,6,3,1,2026,1,[0.309      0.309      0.309      0.309      0.30975    0.30949998]
2026-01-08 07:00:00,0.309,0.0,7,3,1,2026,1,[0.309      0.309      0.309      0.30975    0.30949998 0.30725   ]
2026-01-08 08:00:00,0.309,0.0,8,3,1,2026,1,[0.309      0.309      0.30975    0.30949998 0.30725    0.30650002]
2026-01-08 09:00:00,0.309,0.0,9,3,1,2026,1,[0.309      0.30975    0.30949998 0.30725    0.30650002 0.3055    ]
2026-01-08 10:00:00,0.309,0.0,10,3,1,2026,1,[0.30975    0.30949998 0.30725    0.30650002 0.3055     0.3055    ]
2026-01-08 11:00:00,0.30975,0.0,11,3,1,2026,1,[0.30949998 0.30725    0.30650002 0.3055     0.3055     0.305     ]
2026-01-08 12:00:00,0.30949998,0.0,12,3,1,2026,1,[0.30725    0.30650002 0.3055     0.3055     0.305      0.30475   ]
2026-01-08 13:00:00,0.30725,0.0,13,3,1,2026,1,[0.30650002 0.3055     0.3055     0.305      0.30475    0.29525   ]
2026-01-08 14:00:00,0.30650002,0.0,14,3,1,2026,1,[0.3055     0.3055     0.305      0.30475    0.29525    0.29950002]
2026-01-08 15:00:00,0.3055,0.0,15,3,1,2026,1,[0.3055     0.305      0.30475    0.29525    0.29950002 0.30525   ]
2026-01-08 16:00:00,0.3055,0.0,16,3,1,2026,1,[0.305      0.30475    0.29525    0.29950002 0.30525    0.30425   ]
2026-01-08 17:00:00,0.305,0.0,17,3,1,2026,1,[0.30475    0.29525    0.29950002 0.30525    0.30425    0.30375   ]
2026-01-08 18:00:00,0.30475,0.0,18,3,1,2026,1,[0.29525    0.29950002 0.30525    0.30425    0.30375    0.32625   ]
2026-01-08 19:00:00,0.29525,0.0,19,3,1,2026,1,[0.29950002 0.30525    0.30425    0.30375    0.32625    0.32825   ]
2026-01-08 20:00:00,0.29950002,0.1,20,3,1,2026,1,[0.30525    0.30425    0.30375    0.32625    0.32825    0.34700003]
2026-01-08 21:00:00,0.30525,0.0,21,3,1,2026,1,[0.30425    0.30375    0.32625    0.32825    0.34700003 0.348     ]
2026-01-08 22:00:00,0.30425,0.0,22,3,1,2026,1,[0.30375    0.32625    0.32825    0.34700003 0.348      0.34325   ]
2026-01-08 23:00:00,0.30375,0.0,23,3,1,2026,1,[0.32625    0.32825    0.34700003 0.348      0.34325    0.345     ]
2026-01-09 00:00:00,0.32625,0.0,0,4,1,2026,1,[0.32825    0.34700003 0.348      0.34325    0.345      0.35525   ]
2026-01-09 01:00:00,0.32825,0.0,1,4,1,2026,1,[0.34700003 0.348      0.34325    0.345      0.35525    0.34475   ]
2026-01-09 02:00:00,0.34700003,0.0,2,4,1,2026,1,[0.348      0.34325    0.345      0.35525    0.34475    0.34074998]
2026-01-09 03:00:00,0.348,0.0,3,4,1,2026,1,[0.34325    0.345      0.35525    0.34475    0.34074998 0.343     ]
2026-01-09 04:00:00,0.34325,1.3,4,4,1,2026,1,[0.345      0.35525    0.34475    0.34074998 0.343      0.34149998]
2026-01-09 05:00:00,0.345,0.6,5,4,1,2026,1,[0.35525    0.34475    0.34074998 0.343      0.34149998 0.33625   ]
2026-01-09 06:00:00,0.35525,0.0,6,4,1,2026,1,[0.34475    0.34074998 0.343      0.34149998 0.33625    0.33325002]
2026-01-09 07:00:00,0.34475,0.0,7,4,1,2026,1,[0.34074998 0.343      0.34149998 0.33625    0.33325002 0.32999998]
2026-01-09 08:00:00,0.34074998,0.0,8,4,1,2026,1,[0.343      0.34149998 0.33625    0.33325002 0.32999998 0.3285    ]
2026-01-09 09:00:00,0.343,0.0,9,4,1,2026,1,[0.34149998 0.33625    0.33325002 0.32999998 0.3285     0.32675   ]
2026-01-09 10:00:00,0.34149998,0.0,10,4,1,2026,1,[0.33625    0.33325002 0.32999998 0.3285     0.32675    0.325     ]
2026-01-09 11:00:00,0.33625,0.0,11,4,1,2026,1,[0.33325002 0.32999998 0.3285     0.32675    0.325      0.324     ]
2026-01-09 12:00:00,0.33325002,0.0,12,4,1,2026,1,[0.32999998 0.3285     0.32675    0.325      0.324      0.323     ]
2026-01-09 13:00:00,0.32999998,0.0,13,4,1,2026,1,[0.3285     0.32675    0.325      0.324      0.323      0.32125002]
2026-01-09 14:00:00,0.3285,0.0,14,4,1,2026,1,[0.32675    0.325      0.324      0.323      0.32125002 0.32025   ]
2026-01-09 15:00:00,0.32675,0.0,15,4,1,2026,1,[0.325      0.324      0.323      0.32125002 0.32025    0.31975   ]
2026-01-09 16:00:00,0.325,0.0,16,4,1,2026,1,[0.324      0.323      0.32125002 0.32025    0.31975    0.319     ]
2026-01-09 17:00:00,0.324,0.0,17,4,1,2026,1,[0.323      0.32125002 0.32025    0.31975    0.319      0.31825   ]
2026-01-09 18:00:00,0.323,0.0,18,4,1,2026,1,[0.32125002 0.32025    0.31975    0.319      0.31825    0.3175    ]
2026-01-09 19:00:00,0.32125002,0.0,19,4,1,2026,1,[0.32025 0.31975 0.319   0.31825 0.3175  0.3165 ]
2026-01-09 20:00:00,0.32025,0.0,20,4,1,2026,1,[0.31975 0.319   0.31825 0.3175  0.3165  0.316  ]
2026-01-09 21:00:00,0.31975,0.0,21,4,1,2026,1,[0.319   0.31825 0.3175  0.3165  0.316   0.3155 ]
2026-01-09 22:00:00,0.319,0.0,22,4,1,2026,1,[0.31825    0.3175     0.3165     0.316      0.3155     0.31449997]
2026-01-09 23:00:00,0.31825,0.0,23,4,1,2026,1,[0.3175     0.3165     0.316      0.3155     0.31449997 0.31425   ]
2026-01-10 00:00:00,0.3175,0.0,0,5,1,2026,1,[0.3165     0.316      0.3155     0.31449997 0.31425    0.31375   ]
2026-01-10 01:00:00,0.3165,0.0,1,5,1,2026,1,[0.316      0.3155     0.31449997 0.31425    0.31375    0.3125    ]
2026-01-10 02:00:00,0.316,0.0,2,5,1,2026,1,[0.3155     0.31449997 0.31425    0.31375    0.3125     0.31225002]
2026-01-10 03:00:00,0.3155,0.0,3,5,1,2026,1,[0.31449997 0.31425    0.31375    0.3125     0.31225002 0.3115    ]
2026-01-10 04:00:00,0.31449997,0.0,4,5,1,2026,1,[0.31425    0.31375    0.3125     0.31225002 0.3115     0.311     ]
2026-01-10 05:00:00,0.31425,0.0,5,5,1,2026,1,[0.31375    0.3125     0.31225002 0.3115     0.311      0.31024998]
2026-01-10 06:00:00,0.31375,0.0,6,5,1,2026,1,[0.3125     0.31225002 0.3115     0.311      0.31024998 0.30949998]
2026-01-10 07:00:00,0.3125,0.0,7,5,1,2026,1,[0.31225002 0.3115     0.311      0.31024998 0.30949998 0.30900002]
2026-01-10 08:00:00,0.31225002,0.0,8,5,1,2026,1,[0.3115     0.311      0.31024998 0.30949998 0.30900002 0.3085    ]
2026-01-10 09:00:00,0.3115,0.0,9,5,1,2026,1,[0.311      0.31024998 0.30949998 0.30900002 0.3085     0.31699997]
2026-01-10 10:00:00,0.311,0.0,10,5,1,2026,1,[0.31024998 0.30949998 0.30900002 0.3085     0.31699997 0.3225    ]
2026-01-10 11:00:00,0.31024998,0.0,11,5,1,2026,1,[0.30949998 0.30900002 0.3085     0.31699997 0.3225     0.32225   ]
2026-01-10 12:00:00,0.30949998,0.0,12,5,1,2026,1,[0.30900002 0.3085     0.31699997 0.3225     0.32225    0.32250002]
2026-01-10 13:00:00,0.30900002,0.0,13,5,1,2026,1,[0.3085     0.31699997 0.3225     0.32225    0.32250002 0.32849997]
2026-01-10 14:00:00,0.3085,0.2,14,5,1,2026,1,[0.31699997 0.3225     0.32225    0.32250002 0.32849997 0.3255    ]
2026-01-10 15:00:00,0.31699997,0.8,15,5,1,2026,1,[0.3225     0.32225    0.32250002 0.32849997 0.3255     0.32325   ]
2026-01-10 16:00:00,0.3225,1.1,16,5,1,2026,1,[0.32225    0.32250002 0.32849997 0.3255     0.32325    0.3215    ]
2026-01-10 17:00:00,0.32225,1.0,17,5,1,2026,1,[0.32250002 0.32849997 0.3255     0.32325    0.3215     0.32025   ]
2026-01-10 18:00:00,0.32250002,0.1,18,5,1,2026,1,[0.32849997 0.3255     0.32325    0.3215     0.32025    0.3195    ]
2026-01-10 19:00:00,0.32849997,0.0,19,5,1,2026,1,[0.3255     0.32325    0.3215     0.32025    0.3195     0.32050002]
2026-01-10 20:00:00,0.3255,0.0,20,5,1,2026,1,[0.32325    0.3215     0.32025    0.3195     0.32050002 0.32050002]
2026-01-10 21:00:00,0.32325,0.0,21,5,1,2026,1,[0.3215     0.32025    0.3195     0.32050002 0.32050002 0.31975   ]
2026-01-10 22:00:00,0.3215,0.0,22,5,1,2026,1,[0.32025    0.3195     0.32050002 0.32050002 0.31975    0.31950003]
2026-01-10 23:00:00,0.32025,0.0,23,5,1,2026,1,[0.3195     0.32050002 0.32050002 0.31975    0.31950003 0.31925002]
2026-01-11 00:00:00,0.3195,0.0,0,6,1,2026,1,[0.32050002 0.32050002 0.31975    0.31950003 0.31925002 0.319     ]
2026-01-11 01:00:00,0.32050002,0.0,1,6,1,2026,1,[0.32050002 0.31975    0.31950003 0.31925002 0.319      0.31875   ]
2026-01-11 02:00:00,0.32050002,0.0,2,6,1,2026,1,[0.31975    0.31950003 0.31925002 0.319      0.31875    0.31825   ]
2026-01-11 03:00:00,0.31975,0.0,3,6,1,2026,1,[0.31950003 0.31925002 0.319      0.31875    0.31825    0.31775   ]
2026-01-11 04:00:00,0.31950003,0.1,4,6,1,2026,1,[0.31925002 0.319      0.31875    0.31825    0.31775    0.31724998]
2026-01-11 05:00:00,0.31925002,0.0,5,6,1,2026,1,[0.319      0.31875    0.31825    0.31775    0.31724998 0.317     ]
2026-01-11 06:00:00,0.319,0.0,6,6,1,2026,1,[0.31875    0.31825    0.31775    0.31724998 0.317      0.3165    ]
2026-01-11 07:00:00,0.31875,0.0,7,6,1,2026,1,[0.31825    0.31775    0.31724998 0.317      0.3165     0.31599998]
2026-01-11 08:00:00,0.31825,0.0,8,6,1,2026,1,[0.31775    0.31724998 0.317      0.3165     0.31599998 0.3155    ]
2026-01-11 09:00:00,0.31775,0.0,9,6,1,2026,1,[0.31724998 0.317      0.3165     0.31599998 0.3155     0.315     ]
2026-01-11 10:00:00,0.31724998,0.0,10,6,1,2026,1,[0.317      0.3165     0.31599998 0.3155     0.315      0.3145    ]
2026-01-11 11:00:00,0.317,0.0,11,6,1,2026,1,[0.3165     0.31599998 0.3155     0.315      0.3145     0.31425   ]
2026-01-11 12:00:00,0.3165,0.0,12,6,1,2026,1,[0.31599998 0.3155     0.315      0.3145     0.31425    0.3135    ]
2026-01-11 13:00:00,0.31599998,0.0,13,6,1,2026,1,[0.3155  0.315   0.3145  0.31425 0.3135  0.3085 ]
2026-01-11 14:00:00,0.3155,0.0,14,6,1,2026,1,[0.315   0.3145  0.31425 0.3135  0.3085  0.308  ]
2026-01-11 15:00:00,0.315,0.0,15,6,1,2026,1,[0.3145  0.31425 0.3135  0.3085  0.308   0.30775]
2026-01-11 16:00:00,0.3145,0.0,16,6,1,2026,1,[0.31425 0.3135  0.3085  0.308   0.30775 0.3075 ]
2026-01-11 17:00:00,0.31425,0.0,17,6,1,2026,1,[0.3135     0.3085     0.308      0.30775    0.3075     0.30699998]
2026-01-11 18:00:00,0.3135,0.0,18,6,1,2026,1,[0.3085     0.308      0.30775    0.3075     0.30699998 0.30675   ]
2026-01-11 19:00:00,0.3085,0.0,19,6,1,2026,1,[0.308      0.30775    0.3075     0.30699998 0.30675    0.30675   ]
2026-01-11 20:00:00,0.308,0.0,20,6,1,2026,1,[0.30775    0.3075     0.30699998 0.30675    0.30675    0.30624998]
2026-01-11 21:00:00,0.30775,0.0,21,6,1,2026,1,[0.3075     0.30699998 0.30675    0.30675    0.30624998 0.30575   ]
2026-01-11 22:00:00,0.3075,0.0,22,6,1,2026,1,[0.30699998 0.30675    0.30675    0.30624998 0.30575    0.30575   ]
2026-01-11 23:00:00,0.30699998,0.0,23,6,1,2026,1,[0.30675    0.30675    0.30624998 0.30575    0.30575    0.30525   ]
2026-01-12 00:00:00,0.30675,0.0,0,0,1,2026,1,[0.30675    0.30624998 0.30575    0.30575    0.30525    0.305     ]
2026-01-12 01:00:00,0.30675,0.0,1,0,1,2026,1,[0.30624998 0.30575    0.30575    0.30525    0.305      0.30449998]
2026-01-12 02:00:00,0.30624998,0.0,2,0,1,2026,1,[0.30575    0.30575    0.30525    0.305      0.30449998 0.30400002]
2026-01-12 03:00:00,0.30575,0.0,3,0,1,2026,1,[0.30575    0.30525    0.305      0.30449998 0.30400002 0.30400002]
2026-01-12 04:00:00,0.30575,0.0,4,0,1,2026,1,[0.30525    0.305      0.30449998 0.30400002 0.30400002 0.3035    ]
2026-01-12 05:00:00,0.30525,0.0,5,0,1,2026,1,[0.305      0.30449998 0.30400002 0.30400002 0.3035     0.30325   ]
2026-01-12 06:00:00,0.305,0.0,6,0,1,2026,1,[0.30449998 0.30400002 0.30400002 0.3035     0.30325    0.30225   ]
2026-01-12 07:00:00,0.30449998,0.0,7,0,1,2026,1,[0.30400002 0.30400002 0.3035     0.30325    0.30225    0.302     ]
2026-01-12 08:00:00,0.30400002,0.0,8,0,1,2026,1,[0.30400002 0.3035     0.30325    0.30225    0.302      0.3015    ]
2026-01-12 09:00:00,0.30400002,0.0,9,0,1,2026,1,[0.3035     0.30325    0.30225    0.302      0.3015     0.30075002]
2026-01-12 10:00:00,0.3035,0.0,10,0,1,2026,1,[0.30325    0.30225    0.302      0.3015     0.30075002 0.3005    ]
2026-01-12 11:00:00,0.30325,0.0,11,0,1,2026,1,[0.30225    0.302      0.3015     0.30075002 0.3005     0.3005    ]
2026-01-12 12:00:00,0.30225,0.0,12,0,1,2026,1,[0.302      0.3015     0.30075002 0.3005     0.3005     0.30049998]
2026-01-12 13:00:00,0.302,0.0,13,0,1,2026,1,[0.3015     0.30075002 0.3005     0.3005     0.30049998 0.3005    ]
2026-01-12 14:00:00,0.3015,0.0,14,0,1,2026,1,[0.30075002 0.3005     0.3005     0.30049998 0.3005     0.30025   ]
2026-01-12 15:00:00,0.30075002,0.0,15,0,1,2026,1,[0.3005     0.3005     0.30049998 0.3005     0.30025    0.2995    ]
2026-01-12 16:00:00,0.3005,0.0,16,0,1,2026,1,[0.3005     0.30049998 0.3005     0.30025    0.2995     0.2995    ]
2026-01-12 17:00:00,0.3005,0.0,17,0,1,2026,1,[0.30049998 0.3005     0.30025    0.2995     0.2995     0.2995    ]
2026-01-12 18:00:00,0.30049998,0.0,18,0,1,2026,1,[0.3005  0.30025 0.2995  0.2995  0.2995  0.2995 ]
2026-01-12 19:00:00,0.3005,0.0,19,0,1,2026,1,[0.30025 0.2995  0.2995  0.2995  0.2995  0.29925]
2026-01-12 20:00:00,0.30025,0.0,20,0,1,2026,1,[0.2995  0.2995  0.2995  0.2995  0.29925 0.299  ]
2026-01-12 21:00:00,0.2995,0.0,21,0,1,2026,1,[0.2995  0.2995  0.2995  0.29925 0.299   0.299  ]
2026-01-12 22:00:00,0.2995,0.0,22,0,1,2026,1,[0.2995  0.2995  0.29925 0.299   0.299   0.299  ]
2026-01-12 23:00:00,0.2995,0.0,23,0,1,2026,1,[0.2995  0.29925 0.299   0.299   0.299   0.299  ]
2026-01-13 00:00:00,0.2995,0.0,0,1,1,2026,1,[0.29925 0.299   0.299   0.299   0.299   0.299  ]
2026-01-13 01:00:00,0.29925,0.0,1,1,1,2026,1,[0.299      0.299      0.299      0.299      0.299      0.29874998]
2026-01-13 02:00:00,0.299,0.0,2,1,1,2026,1,[0.299      0.299      0.299      0.299      0.29874998 0.29874998]
2026-01-13 03:00:00,0.299,0.0,3,1,1,2026,1,[0.299      0.299      0.299      0.29874998 0.29874998 0.29825002]
2026-01-13 04:00:00,0.299,0.0,4,1,1,2026,1,[0.299      0.299      0.29874998 0.29874998 0.29825002 0.29799998]
2026-01-13 05:00:00,0.299,0.0,5,1,1,2026,1,[0.299      0.29874998 0.29874998 0.29825002 0.29799998 0.29799998]
2026-01-13 06:00:00,0.299,0.0,6,1,1,2026,1,[0.29874998 0.29874998 0.29825002 0.29799998 0.29799998 0.29749998]
2026-01-13 07:00:00,0.29874998,0.0,7,1,1,2026,1,[0.29874998 0.29825002 0.29799998 0.29799998 0.29749998 0.2985    ]
2026-01-13 08:00:00,0.29874998,0.0,8,1,1,2026,1,[0.29825002 0.29799998 0.29799998 0.29749998 0.2985     0.30150002]
2026-01-13 09:00:00,0.29825002,0.0,9,1,1,2026,1,[0.29799998 0.29799998 0.29749998 0.2985     0.30150002 0.30075002]
2026-01-13 10:00:00,0.29799998,0.0,10,1,1,2026,1,[0.29799998 0.29749998 0.2985     0.30150002 0.30075002 0.30025   ]
2026-01-13 11:00:00,0.29799998,0.0,11,1,1,2026,1,[0.29749998 0.2985     0.30150002 0.30075002 0.30025    0.29975   ]
2026-01-13 12:00:00,0.29749998,0.0,12,1,1,2026,1,[0.2985     0.30150002 0.30075002 0.30025    0.29975    0.299     ]
2026-01-13 13:00:00,0.2985,0.0,13,1,1,2026,1,[0.30150002 0.30075002 0.30025    0.29975    0.299      0.2975    ]
2026-01-13 14:00:00,0.30150002,0.1,14,1,1,2026,1,[0.30075002 0.30025    0.29975    0.299      0.2975     0.29724997]
2026-01-13 15:00:00,0.30075002,0.0,15,1,1,2026,1,[0.30025    0.29975    0.299      0.2975     0.29724997 0.29675   ]
2026-01-13 16:00:00,0.30025,0.0,16,1,1,2026,1,[0.29975    0.299      0.2975     0.29724997 0.29675    0.296     ]
2026-01-13 17:00:00,0.29975,0.0,17,1,1,2026,1,[0.299      0.2975     0.29724997 0.29675    0.296      0.296     ]
2026-01-13 18:00:00,0.299,0.0,18,1,1,2026,1,[0.2975     0.29724997 0.29675    0.296      0.296      0.29525   ]
2026-01-13 19:00:00,0.2975,0.0,19,1,1,2026,1,[0.29724997 0.29675    0.296      0.296      0.29525    0.29500002]
2026-01-13 20:00:00,0.29724997,0.0,20,1,1,2026,1,[0.29675    0.296      0.296      0.29525    0.29500002 0.29475   ]
2026-01-13 21:00:00,0.29675,0.0,21,1,1,2026,1,[0.296      0.296      0.29525    0.29500002 0.29475    0.2945    ]
2026-01-13 22:00:00,0.296,0.0,22,1,1,2026,1,[0.296      0.29525    0.29500002 0.29475    0.2945     0.29425   ]
2026-01-13 23:00:00,0.296,0.0,23,1,1,2026,1,[0.29525    0.29500002 0.29475    0.2945     0.29425    0.2935    ]
2026-01-14 00:00:00,0.29525,0.0,0,2,1,2026,1,[0.29500002 0.29475    0.2945     0.29425    0.2935     0.2935    ]
2026-01-14 01:00:00,0.29500002,0.0,1,2,1,2026,1,[0.29475    0.2945     0.29425    0.2935     0.2935     0.29299998]
2026-01-14 02:00:00,0.29475,0.0,2,2,1,2026,1,[0.2945     0.29425    0.2935     0.2935     0.29299998 0.29325   ]
2026-01-14 03:00:00,0.2945,0.0,3,2,1,2026,1,[0.29425    0.2935     0.2935     0.29299998 0.29325    0.29275   ]
2026-01-14 04:00:00,0.29425,0.0,4,2,1,2026,1,[0.2935     0.2935     0.29299998 0.29325    0.29275    0.2995    ]
2026-01-14 05:00:00,0.2935,0.0,5,2,1,2026,1,[0.2935     0.29299998 0.29325    0.29275    0.2995     0.30449998]
2026-01-14 06:00:00,0.2935,0.0,6,2,1,2026,1,[0.29299998 0.29325    0.29275    0.2995     0.30449998 0.30225   ]
2026-01-14 07:00:00,0.29299998,0.0,7,2,1,2026,1,[0.29325    0.29275    0.2995     0.30449998 0.30225    0.301     ]
2026-01-14 08:00:00,0.29325,0.0,8,2,1,2026,1,[0.29275    0.2995     0.30449998 0.30225    0.301      0.29975   ]
2026-01-14 09:00:00,0.29275,0.0,9,2,1,2026,1,[0.2995     0.30449998 0.30225    0.301      0.29975    0.299     ]
2026-01-14 10:00:00,0.2995,0.0,10,2,1,2026,1,[0.30449998 0.30225    0.301      0.29975    0.299      0.2985    ]
2026-01-14 11:00:00,0.30449998,0.0,11,2,1,2026,1,[0.30225    0.301      0.29975    0.299      0.2985     0.29799998]
2026-01-14 12:00:00,0.30225,0.1,12,2,1,2026,1,[0.301      0.29975    0.299      0.2985     0.29799998 0.29725   ]
2026-01-14 13:00:00,0.301,0.3,13,2,1,2026,1,[0.29975    0.299      0.2985     0.29799998 0.29725    0.30225   ]
2026-01-14 14:00:00,0.29975,0.7,14,2,1,2026,1,[0.299      0.2985     0.29799998 0.29725    0.30225    0.302     ]
2026-01-14 15:00:00,0.299,0.4,15,2,1,2026,1,[0.2985     0.29799998 0.29725    0.30225    0.302      0.30175   ]
2026-01-14 16:00:00,0.2985,0.6,16,2,1,2026,1,[0.29799998 0.29725    0.30225    0.302      0.30175    0.3015    ]
2026-01-14 17:00:00,0.29799998,0.9,17,2,1,2026,1,[0.29725 0.30225 0.302   0.30175 0.3015  0.3015 ]
2026-01-14 18:00:00,0.29725,0.70000005,18,2,1,2026,1,[0.30225 0.302   0.30175 0.3015  0.3015  0.3015 ]
2026-01-14 19:00:00,0.30225,0.6,19,2,1,2026,1,[0.302      0.30175    0.3015     0.3015     0.3015     0.30124998]
2026-01-14 20:00:00,0.302,0.6,20,2,1,2026,1,[0.30175    0.3015     0.3015     0.3015     0.30124998 0.301     ]
2026-01-14 21:00:00,0.30175,0.5,21,2,1,2026,1,[0.3015     0.3015     0.3015     0.30124998 0.301      0.301     ]
2026-01-14 22:00:00,0.3015,0.2,22,2,1,2026,1,[0.3015     0.3015     0.30124998 0.301      0.301      0.301     ]
2026-01-14 23:00:00,0.3015,0.2,23,2,1,2026,1,[0.3015     0.30124998 0.301      0.301      0.301      0.301     ]
2026-01-15 00:00:00,0.3015,0.1,0,3,1,2026,1,[0.30124998 0.301      0.301      0.301      0.301      0.301     ]
2026-01-15 01:00:00,0.30124998,0.0,1,3,1,2026,1,[0.301 0.301 0.301 0.301 0.301 0.301]
2026-01-15 02:00:00,0.301,0.0,2,3,1,2026,1,[0.301 0.301 0.301 0.301 0.301 0.301]
2026-01-15 03:00:00,0.301,0.0,3,3,1,2026,1,[0.301 0.301 0.301 0.301 0.301 0.301]
2026-01-15 04:00:00,0.301,0.0,4,3,1,2026,1,[0.301  0.301  0.301  0.301  0.301  0.3005]
2026-01-15 05:00:00,0.301,0.0,5,3,1,2026,1,[0.301   0.301   0.301   0.301   0.3005  0.30025]
2026-01-15 06:00:00,0.301,0.0,6,3,1,2026,1,[0.301   0.301   0.301   0.3005  0.30025 0.30025]
2026-01-15 07:00:00,0.301,0.0,7,3,1,2026,1,[0.301   0.301   0.3005  0.30025 0.30025 0.3    ]
2026-01-15 08:00:00,0.301,0.0,8,3,1,2026,1,[0.301   0.3005  0.30025 0.30025 0.3     0.3    ]
2026-01-15 09:00:00,0.301,0.0,9,3,1,2026,1,[0.3005  0.30025 0.30025 0.3     0.3     0.3    ]
2026-01-15 10:00:00,0.3005,0.0,10,3,1,2026,1,[0.30025 0.30025 0.3     0.3     0.3     0.3    ]
2026-01-15 11:00:00,0.30025,0.0,11,3,1,2026,1,[0.30025 0.3     0.3     0.3     0.3     0.3    ]
2026-01-15 12:00:00,0.30025,0.0,12,3,1,2026,1,[0.3     0.3     0.3     0.3     0.3     0.29975]
2026-01-15 13:00:00,0.3,0.0,13,3,1,2026,1,[0.3     0.3     0.3     0.3     0.29975 0.2995 ]
2026-01-15 14:00:00,0.3,0.0,14,3,1,2026,1,[0.3     0.3     0.3     0.29975 0.2995  0.2995 ]
2026-01-15 15:00:00,0.3,0.0,15,3,1,2026,1,[0.3     0.3     0.29975 0.2995  0.2995  0.29925]
2026-01-15 16:00:00,0.3,0.0,16,3,1,2026,1,[0.3     0.29975 0.2995  0.2995  0.29925 0.29925]
2026-01-15 17:00:00,0.3,0.0,17,3,1,2026,1,[0.29975 0.2995  0.2995  0.29925 0.29925 0.29925]
2026-01-15 18:00:00,0.29975,0.0,18,3,1,2026,1,[0.2995  0.2995  0.29925 0.29925 0.29925 0.29925]
2026-01-15 19:00:00,0.2995,0.0,19,3,1,2026,1,[0.2995  0.29925 0.29925 0.29925 0.29925 0.29925]
2026-01-15 20:00:00,0.2995,0.0,20,3,1,2026,1,[0.29925 0.29925 0.29925 0.29925 0.29925 0.29925]
2026-01-15 21:00:00,0.29925,0.0,21,3,1,2026,1,[0.29925 0.29925 0.29925 0.29925 0.29925 0.29925]
2026-01-15 22:00:00,0.29925,0.0,22,3,1,2026,1,[0.29925 0.29925 0.29925 0.29925 0.29925 0.299  ]
2026-01-15 23:00:00,0.29925,0.0,23,3,1,2026,1,[0.29925 0.29925 0.29925 0.29925 0.299   0.29875]
2026-01-16 00:00:00,0.29925,0.0,0,4,1,2026,1,[0.29925 0.29925 0.29925 0.299   0.29875 0.29875]
2026-01-16 01:00:00,0.29925,0.0,1,4,1,2026,1,[0.29925 0.29925 0.299   0.29875 0.29875 0.29875]
2026-01-16 02:00:00,0.29925,0.0,2,4,1,2026,1,[0.29925 0.299   0.29875 0.29875 0.29875 0.2985 ]
2026-01-16 03:00:00,0.29925,0.0,3,4,1,2026,1,[0.299   0.29875 0.29875 0.29875 0.2985  0.2985 ]
2026-01-16 04:00:00,0.299,0.0,4,4,1,2026,1,[0.29875    0.29875    0.29875    0.2985     0.2985     0.29825002]
2026-01-16 05:00:00,0.29875,0.0,5,4,1,2026,1,[0.29875    0.29875    0.2985     0.2985     0.29825002 0.29825002]
2026-01-16 06:00:00,0.29875,0.0,6,4,1,2026,1,[0.29875    0.2985     0.2985     0.29825002 0.29825002 0.29825002]
2026-01-16 07:00:00,0.29875,0.0,7,4,1,2026,1,[0.2985     0.2985     0.29825002 0.29825002 0.29825002 0.29799998]
2026-01-16 08:00:00,0.2985,0.0,8,4,1,2026,1,[0.2985     0.29825002 0.29825002 0.29825002 0.29799998 0.29775   ]
2026-01-16 09:00:00,0.2985,0.0,9,4,1,2026,1,[0.29825002 0.29825002 0.29825002 0.29799998 0.29775    0.29775   ]
2026-01-16 10:00:00,0.29825002,0.0,10,4,1,2026,1,[0.29825002 0.29825002 0.29799998 0.29775    0.29775    0.29775   ]
2026-01-16 11:00:00,0.29825002,0.0,11,4,1,2026,1,[0.29825002 0.29799998 0.29775    0.29775    0.29775    0.29775   ]
2026-01-16 12:00:00,0.29825002,0.0,12,4,1,2026,1,[0.29799998 0.29775    0.29775    0.29775    0.29775    0.2975    ]
2026-01-16 13:00:00,0.29799998,0.0,13,4,1,2026,1,[0.29775 0.29775 0.29775 0.29775 0.2975  0.2975 ]
2026-01-16 14:00:00,0.29775,0.6,14,4,1,2026,1,[0.29775 0.29775 0.29775 0.2975  0.2975  0.2975 ]
2026-01-16 15:00:00,0.29775,0.3,15,4,1,2026,1,[0.29775 0.29775 0.2975  0.2975  0.2975  0.2975 ]
2026-01-16 16:00:00,0.29775,0.0,16,4,1,2026,1,[0.29775 0.2975  0.2975  0.2975  0.2975  0.2975 ]
2026-01-16 17:00:00,0.29775,0.0,17,4,1,2026,1,[0.2975 0.2975 0.2975 0.2975 0.2975 0.2975]
2026-01-16 18:00:00,0.2975,0.0,18,4,1,2026,1,[0.2975     0.2975     0.2975     0.2975     0.2975     0.29724997]
2026-01-16 19:00:00,0.2975,0.0,19,4,1,2026,1,[0.2975     0.2975     0.2975     0.2975     0.29724997 0.29724997]
2026-01-16 20:00:00,0.2975,0.0,20,4,1,2026,1,[0.2975     0.2975     0.2975     0.29724997 0.29724997 0.29724997]
2026-01-16 21:00:00,0.2975,0.0,21,4,1,2026,1,[0.2975     0.2975     0.29724997 0.29724997 0.29724997 0.29724997]
2026-01-16 22:00:00,0.2975,0.0,22,4,1,2026,1,[0.2975     0.29724997 0.29724997 0.29724997 0.29724997 0.297     ]
2026-01-16 23:00:00,0.2975,0.0,23,4,1,2026,1,[0.29724997 0.29724997 0.29724997 0.29724997 0.297      0.297     ]
2026-01-17 00:00:00,0.29724997,0.0,0,5,1,2026,1,[0.29724997 0.29724997 0.29724997 0.297      0.297      0.297     ]
2026-01-17 01:00:00,0.29724997,0.1,1,5,1,2026,1,[0.29724997 0.29724997 0.297      0.297      0.297      0.29675   ]
2026-01-17 02:00:00,0.29724997,0.0,2,5,1,2026,1,[0.29724997 0.297      0.297      0.297      0.29675    0.29675   ]
2026-01-17 03:00:00,0.29724997,0.0,3,5,1,2026,1,[0.297   0.297   0.297   0.29675 0.29675 0.29675]
2026-01-17 04:00:00,0.297,0.0,4,5,1,2026,1,[0.297   0.297   0.29675 0.29675 0.29675 0.2965 ]
2026-01-17 05:00:00,0.297,0.0,5,5,1,2026,1,[0.297   0.29675 0.29675 0.29675 0.2965  0.2965 ]
2026-01-17 06:00:00,0.297,0.0,6,5,1,2026,1,[0.29675    0.29675    0.29675    0.2965     0.2965     0.29625002]
2026-01-17 07:00:00,0.29675,0.0,7,5,1,2026,1,[0.29675    0.29675    0.2965     0.2965     0.29625002 0.29625002]
2026-01-17 08:00:00,0.29675,0.0,8,5,1,2026,1,[0.29675    0.2965     0.2965     0.29625002 0.29625002 0.29575002]
2026-01-17 09:00:00,0.29675,0.0,9,5,1,2026,1,[0.2965     0.2965     0.29625002 0.29625002 0.29575002 0.29575002]
2026-01-17 10:00:00,0.2965,0.0,10,5,1,2026,1,[0.2965     0.29625002 0.29625002 0.29575002 0.29575002 0.29575002]
2026-01-17 11:00:00,0.2965,0.0,11,5,1,2026,1,[0.29625002 0.29625002 0.29575002 0.29575002 0.29575002 0.29575002]
2026-01-17 12:00:00,0.29625002,0.0,12,5,1,2026,1,[0.29625002 0.29575002 0.29575002 0.29575002 0.29575002 0.29575002]
2026-01-17 13:00:00,0.29625002,0.0,13,5,1,2026,1,[0.29575002 0.29575002 0.29575002 0.29575002 0.29575002 0.29575002]
2026-01-17 14:00:00,0.29575002,0.0,14,5,1,2026,1,[0.29575002 0.29575002 0.29575002 0.29575002 0.29575002 0.29575002]
2026-01-17 15:00:00,0.29575002,0.0,15,5,1,2026,1,[0.29575002 0.29575002 0.29575002 0.29575002 0.29575002 0.29549998]
2026-01-17 16:00:00,0.29575002,0.0,16,5,1,2026,1,[0.29575002 0.29575002 0.29575002 0.29575002 0.29549998 0.29525   ]
2026-01-17 17:00:00,0.29575002,0.0,17,5,1,2026,1,[0.29575002 0.29575002 0.29575002 0.29549998 0.29525    0.29525   ]
2026-01-17 18:00:00,0.29575002,0.0,18,5,1,2026,1,[0.29575002 0.29575002 0.29549998 0.29525    0.29525    0.29500002]
2026-01-17 19:00:00,0.29575002,0.0,19,5,1,2026,1,[0.29575002 0.29549998 0.29525    0.29525    0.29500002 0.29500002]
2026-01-17 20:00:00,0.29575002,0.0,20,5,1,2026,1,[0.29549998 0.29525    0.29525    0.29500002 0.29500002 0.29500002]
2026-01-17 21:00:00,0.29549998,0.0,21,5,1,2026,1,[0.29525    0.29525    0.29500002 0.29500002 0.29500002 0.29500002]
2026-01-17 22:00:00,0.29525,0.0,22,5,1,2026,1,[0.29525    0.29500002 0.29500002 0.29500002 0.29500002 0.29500002]
2026-01-17 23:00:00,0.29525,0.0,23,5,1,2026,1,[0.29500002 0.29500002 0.29500002 0.29500002 0.29500002 0.29500002]
2026-01-18 00:00:00,0.29500002,0.0,0,6,1,2026,1,[0.29500002 0.29500002 0.29500002 0.29500002 0.29500002 0.29500002]
2026-01-18 01:00:00,0.29500002,0.0,1,6,1,2026,1,[0.29500002 0.29500002 0.29500002 0.29500002 0.29500002 0.29500002]
2026-01-18 02:00:00,0.29500002,0.0,2,6,1,2026,1,[0.29500002 0.29500002 0.29500002 0.29500002 0.29500002 0.29500002]
2026-01-18 03:00:00,0.29500002,0.0,3,6,1,2026,1,[0.29500002 0.29500002 0.29500002 0.29500002 0.29500002 0.29500002]
2026-01-18 04:00:00,0.29500002,0.0,4,6,1,2026,1,[0.29500002 0.29500002 0.29500002 0.29500002 0.29500002 0.29500002]
2026-01-18 05:00:00,0.29500002,0.0,5,6,1,2026,1,[0.29500002 0.29500002 0.29500002 0.29500002 0.29500002 0.29500002]
2026-01-18 06:00:00,0.29500002,0.0,6,6,1,2026,1,[0.29500002 0.29500002 0.29500002 0.29500002 0.29500002 0.29500002]
2026-01-18 07:00:00,0.29500002,0.0,7,6,1,2026,1,[0.29500002 0.29500002 0.29500002 0.29500002 0.29500002 0.29475   ]
2026-01-18 08:00:00,0.29500002,0.0,8,6,1,2026,1,[0.29500002 0.29500002 0.29500002 0.29500002 0.29475    0.29424998]
2026-01-18 09:00:00,0.29500002,0.0,9,6,1,2026,1,[0.29500002 0.29500002 0.29500002 0.29475    0.29424998 0.29424998]
2026-01-18 10:00:00,0.29500002,0.0,10,6,1,2026,1,[0.29500002 0.29500002 0.29475    0.29424998 0.29424998 0.29424998]
2026-01-18 11:00:00,0.29500002,0.1,11,6,1,2026,1,[0.29500002 0.29475    0.29424998 0.29424998 0.29424998 0.29399997]
2026-01-18 12:00:00,0.29500002,0.0,12,6,1,2026,1,[0.29475    0.29424998 0.29424998 0.29424998 0.29399997 0.29399997]
2026-01-18 13:00:00,0.29475,0.0,13,6,1,2026,1,[0.29424998 0.29424998 0.29424998 0.29399997 0.29399997 0.29399997]
2026-01-18 14:00:00,0.29424998,0.0,14,6,1,2026,1,[0.29424998 0.29424998 0.29399997 0.29399997 0.29399997 0.29399997]
2026-01-18 15:00:00,0.29424998,0.0,15,6,1,2026,1,[0.29424998 0.29399997 0.29399997 0.29399997 0.29399997 0.29399997]
2026-01-18 16:00:00,0.29424998,0.0,16,6,1,2026,1,[0.29399997 0.29399997 0.29399997 0.29399997 0.29399997 0.29399997]
2026-01-18 17:00:00,0.29399997,0.0,17,6,1,2026,1,[0.29399997 0.29399997 0.29399997 0.29399997 0.29399997 0.29399997]
2026-01-18 18:00:00,0.29399997,0.0,18,6,1,2026,1,[0.29399997 0.29399997 0.29399997 0.29399997 0.29399997 0.29399997]
2026-01-18 19:00:00,0.29399997,0.0,19,6,1,2026,1,[0.29399997 0.29399997 0.29399997 0.29399997 0.29399997 0.29399997]
2026-01-18 20:00:00,0.29399997,0.0,20,6,1,2026,1,[0.29399997 0.29399997 0.29399997 0.29399997 0.29399997 0.29399997]
2026-01-18 21:00:00,0.29399997,0.0,21,6,1,2026,1,[0.29399997 0.29399997 0.29399997 0.29399997 0.29399997 0.29399997]
2026-01-18 22:00:00,0.29399997,0.0,22,6,1,2026,1,[0.29399997 0.29399997 0.29399997 0.29399997 0.29399997 0.29375   ]
2026-01-18 23:00:00,0.29399997,0.1,23,6,1,2026,1,[0.29399997 0.29399997 0.29399997 0.29399997 0.29375    0.29375   ]
2026-01-19 00:00:00,0.29399997,0.0,0,0,1,2026,1,[0.29399997 0.29399997 0.29399997 0.29375    0.29375    0.29375   ]
2026-01-19 01:00:00,0.29399997,0.0,1,0,1,2026,1,[0.29399997 0.29399997 0.29375    0.29375    0.29375    0.29375   ]
2026-01-19 02:00:00,0.29399997,0.0,2,0,1,2026,1,[0.29399997 0.29375    0.29375    0.29375    0.29375    0.29375   ]
2026-01-19 03:00:00,0.29399997,0.0,3,0,1,2026,1,[0.29375    0.29375    0.29375    0.29375    0.29375    0.29349998]
2026-01-19 04:00:00,0.29375,0.0,4,0,1,2026,1,[0.29375    0.29375    0.29375    0.29375    0.29349998 0.29349998]
2026-01-19 05:00:00,0.29375,0.0,5,0,1,2026,1,[0.29375    0.29375    0.29375    0.29349998 0.29349998 0.29349998]
2026-01-19 06:00:00,0.29375,0.0,6,0,1,2026,1,[0.29375    0.29375    0.29349998 0.29349998 0.29349998 0.29325   ]
2026-01-19 07:00:00,0.29375,0.0,7,0,1,2026,1,[0.29375    0.29349998 0.29349998 0.29349998 0.29325    0.29349998]
2026-01-19 08:00:00,0.29375,0.0,8,0,1,2026,1,[0.29349998 0.29349998 0.29349998 0.29325    0.29349998 0.29349998]
2026-01-19 09:00:00,0.29349998,0.4,9,0,1,2026,1,[0.29349998 0.29349998 0.29325    0.29349998 0.29349998 0.29349998]
2026-01-19 10:00:00,0.29349998,0.0,10,0,1,2026,1,[0.29349998 0.29325    0.29349998 0.29349998 0.29349998 0.29325   ]
2026-01-19 11:00:00,0.29349998,0.0,11,0,1,2026,1,[0.29325    0.29349998 0.29349998 0.29349998 0.29325    0.29325   ]
2026-01-19 12:00:00,0.29325,0.0,12,0,1,2026,1,[0.29349998 0.29349998 0.29349998 0.29325    0.29325    0.29325   ]
2026-01-19 13:00:00,0.29349998,0.0,13,0,1,2026,1,[0.29349998 0.29349998 0.29325    0.29325    0.29325    0.29325   ]
2026-01-19 14:00:00,0.29349998,0.0,14,0,1,2026,1,[0.29349998 0.29325    0.29325    0.29325    0.29325    0.29325   ]
2026-01-19 15:00:00,0.29349998,0.0,15,0,1,2026,1,[0.29325 0.29325 0.29325 0.29325 0.29325 0.29325]
2026-01-19 16:00:00,0.29325,0.0,16,0,1,2026,1,[0.29325 0.29325 0.29325 0.29325 0.29325 0.29325]
2026-01-19 17:00:00,0.29325,0.0,17,0,1,2026,1,[0.29325    0.29325    0.29325    0.29325    0.29325    0.29299998]
2026-01-19 18:00:00,0.29325,0.0,18,0,1,2026,1,[0.29325    0.29325    0.29325    0.29325    0.29299998 0.29275   ]
2026-01-19 19:00:00,0.29325,0.0,19,0,1,2026,1,[0.29325    0.29325    0.29325    0.29299998 0.29275    0.29275   ]
2026-01-19 20:00:00,0.29325,0.0,20,0,1,2026,1,[0.29325    0.29325    0.29299998 0.29275    0.29275    0.29275   ]
2026-01-19 21:00:00,0.29325,0.0,21,0,1,2026,1,[0.29325    0.29299998 0.29275    0.29275    0.29275    0.29275   ]
2026-01-19 22:00:00,0.29325,0.0,22,0,1,2026,1,[0.29299998 0.29275    0.29275    0.29275    0.29275    0.29275   ]
2026-01-19 23:00:00,0.29299998,0.0,23,0,1,2026,1,[0.29275    0.29275    0.29275    0.29275    0.29275    0.29250002]
2026-01-20 00:00:00,0.29275,0.0,0,1,1,2026,1,[0.29275    0.29275    0.29275    0.29275    0.29250002 0.29250002]
2026-01-20 01:00:00,0.29275,0.0,1,1,1,2026,1,[0.29275    0.29275    0.29275    0.29250002 0.29250002 0.29250002]
2026-01-20 02:00:00,0.29275,0.0,2,1,1,2026,1,[0.29275    0.29275    0.29250002 0.29250002 0.29250002 0.29250002]
2026-01-20 03:00:00,0.29275,0.0,3,1,1,2026,1,[0.29275    0.29250002 0.29250002 0.29250002 0.29250002 0.29250002]
2026-01-20 04:00:00,0.29275,0.0,4,1,1,2026,1,[0.29250002 0.29250002 0.29250002 0.29250002 0.29250002 0.29250002]
2026-01-20 05:00:00,0.29250002,0.0,5,1,1,2026,1,[0.29250002 0.29250002 0.29250002 0.29250002 0.29250002 0.29250002]
2026-01-20 06:00:00,0.29250002,0.0,6,1,1,2026,1,[0.29250002 0.29250002 0.29250002 0.29250002 0.29250002 0.29250002]
2026-01-20 07:00:00,0.29250002,0.0,7,1,1,2026,1,[0.29250002 0.29250002 0.29250002 0.29250002 0.29250002 0.29250002]
2026-01-20 08:00:00,0.29250002,0.0,8,1,1,2026,1,[0.29250002 0.29250002 0.29250002 0.29250002 0.29250002 0.29250002]
2026-01-20 09:00:00,0.29250002,0.0,9,1,1,2026,1,[0.29250002 0.29250002 0.29250002 0.29250002 0.29250002 0.29250002]
2026-01-20 10:00:00,0.29250002,0.0,10,1,1,2026,1,[0.29250002 0.29250002 0.29250002 0.29250002 0.29250002 0.29250002]
2026-01-20 11:00:00,0.29250002,0.0,11,1,1,2026,1,[0.29250002 0.29250002 0.29250002 0.29250002 0.29250002 0.29250002]
2026-01-20 12:00:00,0.29250002,0.0,12,1,1,2026,1,[0.29250002 0.29250002 0.29250002 0.29250002 0.29250002 0.29250002]
2026-01-20 13:00:00,0.29250002,0.0,13,1,1,2026,1,[0.29250002 0.29250002 0.29250002 0.29250002 0.29250002 0.29250002]
2026-01-20 14:00:00,0.29250002,0.0,14,1,1,2026,1,[0.29250002 0.29250002 0.29250002 0.29250002 0.29250002 0.29250002]
2026-01-20 15:00:00,0.29250002,0.0,15,1,1,2026,1,[0.29250002 0.29250002 0.29250002 0.29250002 0.29250002 0.29250002]
2026-01-20 16:00:00,0.29250002,0.0,16,1,1,2026,1,[0.29250002 0.29250002 0.29250002 0.29250002 0.29250002 0.29250002]
2026-01-20 17:00:00,0.29250002,0.0,17,1,1,2026,1,[0.29250002 0.29250002 0.29250002 0.29250002 0.29250002 0.29250002]
2026-01-20 18:00:00,0.29250002,0.0,18,1,1,2026,1,[0.29250002 0.29250002 0.29250002 0.29250002 0.29250002 0.29250002]
2026-01-20 19:00:00,0.29250002,0.0,19,1,1,2026,1,[0.29250002 0.29250002 0.29250002 0.29250002 0.29250002 0.29250002]
2026-01-20 20:00:00,0.29250002,0.0,20,1,1,2026,1,[0.29250002 0.29250002 0.29250002 0.29250002 0.29250002 0.29250002]
2026-01-20 21:00:00,0.29250002,0.0,21,1,1,2026,1,[0.29250002 0.29250002 0.29250002 0.29250002 0.29250002 0.29250002]
2026-01-20 22:00:00,0.29250002,0.0,22,1,1,2026,1,[0.29250002 0.29250002 0.29250002 0.29250002 0.29250002 0.29250002]
2026-01-20 23:00:00,0.29250002,0.0,23,1,1,2026,1,[0.29250002 0.29250002 0.29250002 0.29250002 0.29250002 0.29250002]
2026-01-21 00:00:00,0.29250002,0.0,0,2,1,2026,1,[0.29250002 0.29250002 0.29250002 0.29250002 0.29250002 0.29250002]
2026-01-21 01:00:00,0.29250002,0.0,1,2,1,2026,1,[0.29250002 0.29250002 0.29250002 0.29250002 0.29250002 0.29250002]
2026-01-21 02:00:00,0.29250002,0.0,2,2,1,2026,1,[0.29250002 0.29250002 0.29250002 0.29250002 0.29250002 0.29225   ]
2026-01-21 03:00:00,0.29250002,0.0,3,2,1,2026,1,[0.29250002 0.29250002 0.29250002 0.29250002 0.29225    0.29225   ]
2026-01-21 04:00:00,0.29250002,0.0,4,2,1,2026,1,[0.29250002 0.29250002 0.29250002 0.29225    0.29225    0.292     ]
2026-01-21 05:00:00,0.29250002,0.0,5,2,1,2026,1,[0.29250002 0.29250002 0.29225    0.29225    0.292      0.292     ]
2026-01-21 06:00:00,0.29250002,0.1,6,2,1,2026,1,[0.29250002 0.29225    0.29225    0.292      0.292      0.292     ]
2026-01-21 07:00:00,0.29250002,0.6,7,2,1,2026,1,[0.29225 0.29225 0.292   0.292   0.292   0.292  ]
2026-01-21 08:00:00,0.29225,0.3,8,2,1,2026,1,[0.29225 0.292   0.292   0.292   0.292   0.2925 ]
2026-01-21 09:00:00,0.29225,0.3,9,2,1,2026,1,[0.292   0.292   0.292   0.292   0.2925  0.29375]
2026-01-21 10:00:00,0.292,0.0,10,2,1,2026,1,[0.292   0.292   0.292   0.2925  0.29375 0.29375]
2026-01-21 11:00:00,0.292,0.0,11,2,1,2026,1,[0.292   0.292   0.2925  0.29375 0.29375 0.29375]
2026-01-21 12:00:00,0.292,0.0,12,2,1,2026,1,[0.292   0.2925  0.29375 0.29375 0.29375 0.29375]
2026-01-21 13:00:00,0.292,0.70000005,13,2,1,2026,1,[0.2925  0.29375 0.29375 0.29375 0.29375 0.2935 ]
2026-01-21 14:00:00,0.2925,0.1,14,2,1,2026,1,[0.29375 0.29375 0.29375 0.29375 0.2935  0.2935 ]
2026-01-21 15:00:00,0.29375,0.0,15,2,1,2026,1,[0.29375 0.29375 0.29375 0.2935  0.2935  0.29325]
2026-01-21 16:00:00,0.29375,0.0,16,2,1,2026,1,[0.29375 0.29375 0.2935  0.2935  0.29325 0.29325]
2026-01-21 17:00:00,0.29375,0.0,17,2,1,2026,1,[0.29375 0.2935  0.2935  0.29325 0.29325 0.29325]
2026-01-21 18:00:00,0.29375,0.0,18,2,1,2026,1,[0.2935  0.2935  0.29325 0.29325 0.29325 0.2935 ]
2026-01-21 19:00:00,0.2935,0.0,19,2,1,2026,1,[0.2935  0.29325 0.29325 0.29325 0.2935  0.2935 ]
2026-01-21 20:00:00,0.2935,0.0,20,2,1,2026,1,[0.29325 0.29325 0.29325 0.2935  0.2935  0.29325]
2026-01-21 21:00:00,0.29325,0.0,21,2,1,2026,1,[0.29325 0.29325 0.2935  0.2935  0.29325 0.29325]
2026-01-21 22:00:00,0.29325,0.0,22,2,1,2026,1,[0.29325 0.2935  0.2935  0.29325 0.29325 0.29325]
2026-01-21 23:00:00,0.29325,0.0,23,2,1,2026,1,[0.2935  0.2935  0.29325 0.29325 0.29325 0.29325]
2026-01-22 00:00:00,0.2935,0.0,0,3,1,2026,1,[0.2935  0.29325 0.29325 0.29325 0.29325 0.29325]
2026-01-22 01:00:00,0.2935,0.0,1,3,1,2026,1,[0.29325    0.29325    0.29325    0.29325    0.29325    0.29299998]
2026-01-22 02:00:00,0.29325,0.0,2,3,1,2026,1,[0.29325    0.29325    0.29325    0.29325    0.29299998 0.29299998]
2026-01-22 03:00:00,0.29325,0.0,3,3,1,2026,1,[0.29325    0.29325    0.29325    0.29299998 0.29299998 0.29299998]
2026-01-22 04:00:00,0.29325,0.0,4,3,1,2026,1,[0.29325    0.29325    0.29299998 0.29299998 0.29299998 0.29299998]
2026-01-22 05:00:00,0.29325,0.0,5,3,1,2026,1,[0.29325    0.29299998 0.29299998 0.29299998 0.29299998 0.29299998]
2026-01-22 06:00:00,0.29325,0.0,6,3,1,2026,1,[0.29299998 0.29299998 0.29299998 0.29299998 0.29299998 0.29275   ]
2026-01-22 07:00:00,0.29299998,0.0,7,3,1,2026,1,[0.29299998 0.29299998 0.29299998 0.29299998 0.29275    0.2925    ]
2026-01-22 08:00:00,0.29299998,0.4,8,3,1,2026,1,[0.29299998 0.29299998 0.29299998 0.29275    0.2925     0.2925    ]
2026-01-22 09:00:00,0.29299998,0.0,9,3,1,2026,1,[0.29299998 0.29299998 0.29275    0.2925     0.2925     0.2925    ]
2026-01-22 10:00:00,0.29299998,0.0,10,3,1,2026,1,[0.29299998 0.29275    0.2925     0.2925     0.2925     0.2925    ]
2026-01-22 11:00:00,0.29299998,0.0,11,3,1,2026,1,[0.29275 0.2925  0.2925  0.2925  0.2925  0.2925 ]
2026-01-22 12:00:00,0.29275,0.0,12,3,1,2026,1,[0.2925 0.2925 0.2925 0.2925 0.2925 0.2925]
2026-01-22 13:00:00,0.2925,0.0,13,3,1,2026,1,[0.2925 0.2925 0.2925 0.2925 0.2925 0.2925]
2026-01-22 14:00:00,0.2925,0.0,14,3,1,2026,1,[0.2925 0.2925 0.2925 0.2925 0.2925 0.2925]
2026-01-22 15:00:00,0.2925,0.0,15,3,1,2026,1,[0.2925 0.2925 0.2925 0.2925 0.2925 0.2925]
2026-01-22 16:00:00,0.2925,0.0,16,3,1,2026,1,[0.2925 0.2925 0.2925 0.2925 0.2925 0.2925]
2026-01-22 17:00:00,0.2925,0.0,17,3,1,2026,1,[0.2925 0.2925 0.2925 0.2925 0.2925 0.2925]
2026-01-22 18:00:00,0.2925,0.0,18,3,1,2026,1,[0.2925     0.2925     0.2925     0.2925     0.2925     0.29224998]
2026-01-22 19:00:00,0.2925,0.0,19,3,1,2026,1,[0.2925     0.2925     0.2925     0.2925     0.29224998 0.29224998]
2026-01-22 20:00:00,0.2925,0.0,20,3,1,2026,1,[0.2925     0.2925     0.2925     0.29224998 0.29224998 0.292     ]
2026-01-22 21:00:00,0.2925,0.0,21,3,1,2026,1,[0.2925     0.2925     0.29224998 0.29224998 0.292      0.292     ]
2026-01-22 22:00:00,0.2925,0.0,22,3,1,2026,1,[0.2925     0.29224998 0.29224998 0.292      0.292      0.292     ]
2026-01-22 23:00:00,0.2925,0.0,23,3,1,2026,1,[0.29224998 0.29224998 0.292      0.292      0.292      0.292     ]
2026-01-23 00:00:00,0.29224998,0.0,0,4,1,2026,1,[0.29224998 0.292      0.292      0.292      0.292      0.292     ]
2026-01-23 01:00:00,0.29224998,0.0,1,4,1,2026,1,[0.292   0.292   0.292   0.292   0.292   0.29175]
2026-01-23 02:00:00,0.292,0.0,2,4,1,2026,1,[0.292   0.292   0.292   0.292   0.29175 0.29175]
2026-01-23 03:00:00,0.292,0.0,3,4,1,2026,1,[0.292   0.292   0.292   0.29175 0.29175 0.29175]
2026-01-23 04:00:00,0.292,0.0,4,4,1,2026,1,[0.292   0.292   0.29175 0.29175 0.29175 0.29175]
2026-01-23 05:00:00,0.292,0.0,5,4,1,2026,1,[0.292   0.29175 0.29175 0.29175 0.29175 0.29175]
2026-01-23 06:00:00,0.292,0.0,6,4,1,2026,1,[0.29175 0.29175 0.29175 0.29175 0.29175 0.29175]
2026-01-23 07:00:00,0.29175,0.0,7,4,1,2026,1,[0.29175 0.29175 0.29175 0.29175 0.29175 0.29175]
2026-01-23 08:00:00,0.29175,0.0,8,4,1,2026,1,[0.29175 0.29175 0.29175 0.29175 0.29175 0.29175]
2026-01-23 09:00:00,0.29175,0.0,9,4,1,2026,1,[0.29175 0.29175 0.29175 0.29175 0.29175 0.29175]
2026-01-23 10:00:00,0.29175,0.0,10,4,1,2026,1,[0.29175 0.29175 0.29175 0.29175 0.29175 0.29175]
2026-01-23 11:00:00,0.29175,0.0,11,4,1,2026,1,[0.29175 0.29175 0.29175 0.29175 0.29175 0.29175]
2026-01-23 12:00:00,0.29175,0.0,12,4,1,2026,1,[0.29175 0.29175 0.29175 0.29175 0.29175 0.29175]
2026-01-23 13:00:00,0.29175,0.0,13,4,1,2026,1,[0.29175 0.29175 0.29175 0.29175 0.29175 0.29175]
2026-01-23 14:00:00,0.29175,0.0,14,4,1,2026,1,[0.29175 0.29175 0.29175 0.29175 0.29175 0.29175]
2026-01-23 15:00:00,0.29175,0.0,15,4,1,2026,1,[0.29175 0.29175 0.29175 0.29175 0.29175 0.29175]
2026-01-23 16:00:00,0.29175,0.0,16,4,1,2026,1,[0.29175 0.29175 0.29175 0.29175 0.29175 0.29175]
2026-01-23 17:00:00,0.29175,0.0,17,4,1,2026,1,[0.29175 0.29175 0.29175 0.29175 0.29175 0.29175]
2026-01-23 18:00:00,0.29175,0.0,18,4,1,2026,1,[0.29175 0.29175 0.29175 0.29175 0.29175 0.29175]
2026-01-23 19:00:00,0.29175,0.0,19,4,1,2026,1,[0.29175 0.29175 0.29175 0.29175 0.29175 0.29175]
2026-01-23 20:00:00,0.29175,0.0,20,4,1,2026,1,[0.29175 0.29175 0.29175 0.29175 0.29175 0.29175]
2026-01-23 21:00:00,0.29175,0.0,21,4,1,2026,1,[0.29175 0.29175 0.29175 0.29175 0.29175 0.29175]
2026-01-23 22:00:00,0.29175,0.0,22,4,1,2026,1,[0.29175 0.29175 0.29175 0.29175 0.29175 0.29175]
2026-01-23 23:00:00,0.29175,0.0,23,4,1,2026,1,[0.29175 0.29175 0.29175 0.29175 0.29175 0.29175]
2026-01-24 00:00:00,0.29175,0.0,0,5,1,2026,1,[0.29175 0.29175 0.29175 0.29175 0.29175 0.29175]
2026-01-24 01:00:00,0.29175,0.0,1,5,1,2026,1,[0.29175 0.29175 0.29175 0.29175 0.29175 0.29175]
2026-01-24 02:00:00,0.29175,0.0,2,5,1,2026,1,[0.29175 0.29175 0.29175 0.29175 0.29175 0.29175]
2026-01-24 03:00:00,0.29175,0.0,3,5,1,2026,1,[0.29175 0.29175 0.29175 0.29175 0.29175 0.29175]
2026-01-24 04:00:00,0.29175,0.0,4,5,1,2026,1,[0.29175 0.29175 0.29175 0.29175 0.29175 0.29175]
2026-01-24 05:00:00,0.29175,0.0,5,5,1,2026,1,[0.29175 0.29175 0.29175 0.29175 0.29175 0.29175]
2026-01-24 06:00:00,0.29175,0.0,6,5,1,2026,1,[0.29175 0.29175 0.29175 0.29175 0.29175 0.29175]
2026-01-24 07:00:00,0.29175,0.0,7,5,1,2026,1,[0.29175 0.29175 0.29175 0.29175 0.29175 0.29175]
2026-01-24 08:00:00,0.29175,0.0,8,5,1,2026,1,[0.29175 0.29175 0.29175 0.29175 0.29175 0.29175]
2026-01-24 09:00:00,0.29175,0.0,9,5,1,2026,1,[0.29175 0.29175 0.29175 0.29175 0.29175 0.29175]
2026-01-24 10:00:00,0.29175,0.0,10,5,1,2026,1,[0.29175    0.29175    0.29175    0.29175    0.29175    0.29150003]
2026-01-24 11:00:00,0.29175,0.0,11,5,1,2026,1,[0.29175    0.29175    0.29175    0.29175    0.29150003 0.29125   ]
2026-01-24 12:00:00,0.29175,0.0,12,5,1,2026,1,[0.29175    0.29175    0.29175    0.29150003 0.29125    0.29125   ]
2026-01-24 13:00:00,0.29175,0.0,13,5,1,2026,1,[0.29175    0.29175    0.29150003 0.29125    0.29125    0.29125   ]
2026-01-24 14:00:00,0.29175,0.0,14,5,1,2026,1,[0.29175    0.29150003 0.29125    0.29125    0.29125    0.29125   ]
2026-01-24 15:00:00,0.29175,0.0,15,5,1,2026,1,[0.29150003 0.29125    0.29125    0.29125    0.29125    0.29125   ]
2026-01-24 16:00:00,0.29150003,0.0,16,5,1,2026,1,[0.29125 0.29125 0.29125 0.29125 0.29125 0.291  ]
2026-01-24 17:00:00,0.29125,0.0,17,5,1,2026,1,[0.29125 0.29125 0.29125 0.29125 0.291   0.291  ]
2026-01-24 18:00:00,0.29125,0.0,18,5,1,2026,1,[0.29125 0.29125 0.29125 0.291   0.291   0.291  ]
2026-01-24 19:00:00,0.29125,0.0,19,5,1,2026,1,[0.29125 0.29125 0.291   0.291   0.291   0.291  ]
2026-01-24 20:00:00,0.29125,0.0,20,5,1,2026,1,[0.29125 0.291   0.291   0.291   0.291   0.291  ]
2026-01-24 21:00:00,0.29125,0.0,21,5,1,2026,1,[0.291 0.291 0.291 0.291 0.291 0.291]
2026-01-24 22:00:00,0.291,0.0,22,5,1,2026,1,[0.291 0.291 0.291 0.291 0.291 0.291]
2026-01-24 23:00:00,0.291,0.0,23,5,1,2026,1,[0.291 0.291 0.291 0.291 0.291 0.291]
2026-01-25 00:00:00,0.291,0.0,0,6,1,2026,1,[0.291 0.291 0.291 0.291 0.291 0.291]
2026-01-25 01:00:00,0.291,0.0,1,6,1,2026,1,[0.291 0.291 0.291 0.291 0.291 0.291]
2026-01-25 02:00:00,0.291,0.0,2,6,1,2026,1,[0.291 0.291 0.291 0.291 0.291 0.291]
2026-01-25 03:00:00,0.291,0.1,3,6,1,2026,1,[0.291 0.291 0.291 0.291 0.291 0.291]
2026-01-25 04:00:00,0.291,0.1,4,6,1,2026,1,[0.291 0.291 0.291 0.291 0.291 0.291]
2026-01-25 05:00:00,0.291,0.3,5,6,1,2026,1,[0.291 0.291 0.291 0.291 0.291 0.291]
2026-01-25 06:00:00,0.291,0.3,6,6,1,2026,1,[0.291 0.291 0.291 0.291 0.291 0.291]
2026-01-25 07:00:00,0.291,0.5,7,6,1,2026,1,[0.291 0.291 0.291 0.291 0.291 0.291]
2026-01-25 08:00:00,0.291,0.4,8,6,1,2026,1,[0.291 0.291 0.291 0.291 0.291 0.291]
2026-01-25 09:00:00,0.291,0.3,9,6,1,2026,1,[0.291 0.291 0.291 0.291 0.291 0.291]
2026-01-25 10:00:00,0.291,0.7,10,6,1,2026,1,[0.291 0.291 0.291 0.291 0.291 0.291]
2026-01-25 11:00:00,0.291,0.6,11,6,1,2026,1,[0.291 0.291 0.291 0.291 0.291 0.291]
2026-01-25 12:00:00,0.291,0.4,12,6,1,2026,1,[0.291 0.291 0.291 0.291 0.291 0.291]
2026-01-25 13:00:00,0.291,0.3,13,6,1,2026,1,[0.291 0.291 0.291 0.291 0.291 0.291]
2026-01-25 14:00:00,0.291,0.3,14,6,1,2026,1,[0.291 0.291 0.291 0.291 0.291 0.291]
2026-01-25 15:00:00,0.291,0.3,15,6,1,2026,1,[0.291 0.291 0.291 0.291 0.291 0.291]
2026-01-25 16:00:00,0.291,0.3,16,6,1,2026,1,[0.291 0.291 0.291 0.291 0.291 0.291]
2026-01-25 17:00:00,0.291,0.3,17,6,1,2026,1,[0.291 0.291 0.291 0.291 0.291 0.291]
2026-01-25 18:00:00,0.291,0.3,18,6,1,2026,1,[0.291 0.291 0.291 0.291 0.291 0.291]
2026-01-25 19:00:00,0.291,0.3,19,6,1,2026,1,[0.291 0.291 0.291 0.291 0.291 0.291]
2026-01-25 20:00:00,0.291,0.0,20,6,1,2026,1,[0.291 0.291 0.291 0.291 0.291 0.291]
2026-01-25 21:00:00,0.291,0.0,21,6,1,2026,1,[0.291 0.291 0.291 0.291 0.291 0.291]
2026-01-25 22:00:00,0.291,0.0,22,6,1,2026,1,[0.291 0.291 0.291 0.291 0.291 0.291]
2026-01-25 23:00:00,0.291,0.0,23,6,1,2026,1,[0.291 0.291 0.291 0.291 0.291 0.291]
2026-01-26 00:00:00,0.291,0.0,0,0,1,2026,1,[0.291 0.291 0.291 0.291 0.291 0.291]
2026-01-26 01:00:00,0.291,0.0,1,0,1,2026,1,[0.291 0.291 0.291 0.291 0.291 0.291]
2026-01-26 02:00:00,0.291,0.0,2,0,1,2026,1,[0.291 0.291 0.291 0.291 0.291 0.291]
2026-01-26 03:00:00,0.291,0.0,3,0,1,2026,1,[0.291 0.291 0.291 0.291 0.291 0.291]
2026-01-26 04:00:00,0.291,0.0,4,0,1,2026,1,[0.291 0.291 0.291 0.291 0.291 0.291]
2026-01-26 05:00:00,0.291,0.0,5,0,1,2026,1,[0.291 0.291 0.291 0.291 0.291 0.291]
2026-01-26 06:00:00,0.291,0.0,6,0,1,2026,1,[0.291 0.291 0.291 0.291 0.291 0.291]
2026-01-26 07:00:00,0.291,0.0,7,0,1,2026,1,[0.291 0.291 0.291 0.291 0.291 0.291]
2026-01-26 08:00:00,0.291,0.0,8,0,1,2026,1,[0.291 0.291 0.291 0.291 0.291 0.291]
2026-01-26 09:00:00,0.291,0.0,9,0,1,2026,1,[0.291 0.291 0.291 0.291 0.291 0.291]
2026-01-26 10:00:00,0.291,0.0,10,0,1,2026,1,[0.291 0.291 0.291 0.291 0.291 0.291]
2026-01-26 11:00:00,0.291,0.0,11,0,1,2026,1,[0.291 0.291 0.291 0.291 0.291 0.291]
2026-01-26 12:00:00,0.291,0.0,12,0,1,2026,1,[0.291 0.291 0.291 0.291 0.291 0.291]
2026-01-26 13:00:00,0.291,0.0,13,0,1,2026,1,[0.291 0.291 0.291 0.291 0.291 0.291]
2026-01-26 14:00:00,0.291,0.0,14,0,1,2026,1,[0.291 0.291 0.291 0.291 0.291 0.291]
2026-01-26 15:00:00,0.291,0.0,15,0,1,2026,1,[0.291      0.291      0.291      0.291      0.291      0.29075003]
2026-01-26 16:00:00,0.291,0.0,16,0,1,2026,1,[0.291      0.291      0.291      0.291      0.29075003 0.29075003]
2026-01-26 17:00:00,0.291,0.0,17,0,1,2026,1,[0.291      0.291      0.291      0.29075003 0.29075003 0.29075003]
2026-01-26 18:00:00,0.291,0.0,18,0,1,2026,1,[0.291      0.291      0.29075003 0.29075003 0.29075003 0.29075003]
2026-01-26 19:00:00,0.291,0.0,19,0,1,2026,1,[0.291      0.29075003 0.29075003 0.29075003 0.29075003 0.29075003]
2026-01-26 20:00:00,0.291,0.0,20,0,1,2026,1,[0.29075003 0.29075003 0.29075003 0.29075003 0.29075003 0.29075003]
2026-01-26 21:00:00,0.29075003,0.0,21,0,1,2026,1,[0.29075003 0.29075003 0.29075003 0.29075003 0.29075003 0.29075003]
2026-01-26 22:00:00,0.29075003,0.0,22,0,1,2026,1,[0.29075003 0.29075003 0.29075003 0.29075003 0.29075003 0.29075003]
2026-01-26 23:00:00,0.29075003,0.0,23,0,1,2026,1,[0.29075003 0.29075003 0.29075003 0.29075003 0.29075003 0.29075003]
2026-01-27 00:00:00,0.29075003,0.0,0,1,1,2026,1,[0.29075003 0.29075003 0.29075003 0.29075003 0.29075003 0.29075003]
2026-01-27 01:00:00,0.29075003,0.0,1,1,1,2026,1,[0.29075003 0.29075003 0.29075003 0.29075003 0.29075003 0.29075003]
2026-01-27 02:00:00,0.29075003,0.0,2,1,1,2026,1,[0.29075003 0.29075003 0.29075003 0.29075003 0.29075003 0.29075003]
2026-01-27 03:00:00,0.29075003,0.0,3,1,1,2026,1,[0.29075003 0.29075003 0.29075003 0.29075003 0.29075003 0.29075003]
2026-01-27 04:00:00,0.29075003,0.0,4,1,1,2026,1,[0.29075003 0.29075003 0.29075003 0.29075003 0.29075003 0.29075003]
2026-01-27 05:00:00,0.29075003,0.0,5,1,1,2026,1,[0.29075003 0.29075003 0.29075003 0.29075003 0.29075003 0.29075003]
2026-01-27 06:00:00,0.29075003,0.0,6,1,1,2026,1,[0.29075003 0.29075003 0.29075003 0.29075003 0.29075003 0.2905    ]
2026-01-27 07:00:00,0.29075003,0.0,7,1,1,2026,1,[0.29075003 0.29075003 0.29075003 0.29075003 0.2905     0.2905    ]
2026-01-27 08:00:00,0.29075003,0.0,8,1,1,2026,1,[0.29075003 0.29075003 0.29075003 0.2905     0.2905     0.2905    ]
2026-01-27 09:00:00,0.29075003,0.0,9,1,1,2026,1,[0.29075003 0.29075003 0.2905     0.2905     0.2905     0.2905    ]
2026-01-27 10:00:00,0.29075003,0.0,10,1,1,2026,1,[0.29075003 0.2905     0.2905     0.2905     0.2905     0.2905    ]
2026-01-27 11:00:00,0.29075003,0.0,11,1,1,2026,1,[0.2905 0.2905 0.2905 0.2905 0.2905 0.2905]
2026-01-27 12:00:00,0.2905,0.0,12,1,1,2026,1,[0.2905 0.2905 0.2905 0.2905 0.2905 0.2905]
2026-01-27 13:00:00,0.2905,0.0,13,1,1,2026,1,[0.2905 0.2905 0.2905 0.2905 0.2905 0.2905]
2026-01-27 14:00:00,0.2905,0.3,14,1,1,2026,1,[0.2905 0.2905 0.2905 0.2905 0.2905 0.2905]
2026-01-27 15:00:00,0.2905,0.1,15,1,1,2026,1,[0.2905 0.2905 0.2905 0.2905 0.2905 0.2905]
2026-01-27 16:00:00,0.2905,0.0,16,1,1,2026,1,[0.2905 0.2905 0.2905 0.2905 0.2905 0.2905]
2026-01-27 17:00:00,0.2905,0.0,17,1,1,2026,1,[0.2905 0.2905 0.2905 0.2905 0.2905 0.2905]
2026-01-27 18:00:00,0.2905,0.0,18,1,1,2026,1,[0.2905 0.2905 0.2905 0.2905 0.2905 0.2905]
2026-01-27 19:00:00,0.2905,0.0,19,1,1,2026,1,[0.2905 0.2905 0.2905 0.2905 0.2905 0.2905]
2026-01-27 20:00:00,0.2905,0.0,20,1,1,2026,1,[0.2905 0.2905 0.2905 0.2905 0.2905 0.2905]
2026-01-27 21:00:00,0.2905,0.0,21,1,1,2026,1,[0.2905 0.2905 0.2905 0.2905 0.2905 0.2905]
2026-01-27 22:00:00,0.2905,0.0,22,1,1,2026,1,[0.2905 0.2905 0.2905 0.2905 0.2905 0.2905]
2026-01-27 23:00:00,0.2905,0.0,23,1,1,2026,1,[0.2905 0.2905 0.2905 0.2905 0.2905 0.2905]
2026-01-28 00:00:00,0.2905,0.0,0,2,1,2026,1,[0.2905 0.2905 0.2905 0.2905 0.2905 0.2905]
2026-01-28 01:00:00,0.2905,0.0,1,2,1,2026,1,[0.2905 0.2905 0.2905 0.2905 0.2905 0.2905]
2026-01-28 02:00:00,0.2905,0.0,2,2,1,2026,1,[0.2905  0.2905  0.2905  0.2905  0.2905  0.29025]
2026-01-28 03:00:00,0.2905,0.0,3,2,1,2026,1,[0.2905  0.2905  0.2905  0.2905  0.29025 0.29025]
2026-01-28 04:00:00,0.2905,0.0,4,2,1,2026,1,[0.2905  0.2905  0.2905  0.29025 0.29025 0.29025]
2026-01-28 05:00:00,0.2905,0.0,5,2,1,2026,1,[0.2905  0.2905  0.29025 0.29025 0.29025 0.29025]
2026-01-28 06:00:00,0.2905,0.0,6,2,1,2026,1,[0.2905  0.29025 0.29025 0.29025 0.29025 0.29025]
2026-01-28 07:00:00,0.2905,0.0,7,2,1,2026,1,[0.29025 0.29025 0.29025 0.29025 0.29025 0.29025]
2026-01-28 08:00:00,0.29025,0.0,8,2,1,2026,1,[0.29025 0.29025 0.29025 0.29025 0.29025 0.29025]
2026-01-28 09:00:00,0.29025,0.0,9,2,1,2026,1,[0.29025 0.29025 0.29025 0.29025 0.29025 0.29025]
2026-01-28 10:00:00,0.29025,0.0,10,2,1,2026,1,[0.29025 0.29025 0.29025 0.29025 0.29025 0.29025]
2026-01-28 11:00:00,0.29025,0.0,11,2,1,2026,1,[0.29025 0.29025 0.29025 0.29025 0.29025 0.29025]
2026-01-28 12:00:00,0.29025,0.0,12,2,1,2026,1,[0.29025 0.29025 0.29025 0.29025 0.29025 0.29025]
2026-01-28 13:00:00,0.29025,0.0,13,2,1,2026,1,[0.29025 0.29025 0.29025 0.29025 0.29025 0.29025]
2026-01-28 14:00:00,0.29025,0.0,14,2,1,2026,1,[0.29025 0.29025 0.29025 0.29025 0.29025 0.29025]
2026-01-28 15:00:00,0.29025,0.0,15,2,1,2026,1,[0.29025 0.29025 0.29025 0.29025 0.29025 0.29025]
2026-01-28 16:00:00,0.29025,0.0,16,2,1,2026,1,[0.29025 0.29025 0.29025 0.29025 0.29025 0.29025]
2026-01-28 17:00:00,0.29025,0.0,17,2,1,2026,1,[0.29025 0.29025 0.29025 0.29025 0.29025 0.29025]
2026-01-28 18:00:00,0.29025,0.0,18,2,1,2026,1,[0.29025 0.29025 0.29025 0.29025 0.29025 0.29025]
2026-01-28 19:00:00,0.29025,0.0,19,2,1,2026,1,[0.29025 0.29025 0.29025 0.29025 0.29025 0.29   ]
2026-01-28 20:00:00,0.29025,0.0,20,2,1,2026,1,[0.29025 0.29025 0.29025 0.29025 0.29    0.29   ]
2026-01-28 21:00:00,0.29025,0.0,21,2,1,2026,1,[0.29025 0.29025 0.29025 0.29    0.29    0.29   ]
2026-01-28 22:00:00,0.29025,0.0,22,2,1,2026,1,[0.29025 0.29025 0.29    0.29    0.29    0.29   ]
2026-01-28 23:00:00,0.29025,0.0,23,2,1,2026,1,[0.29025 0.29    0.29    0.29    0.29    0.29   ]
2026-01-29 00:00:00,0.29025,0.0,0,3,1,2026,1,[0.29 0.29 0.29 0.29 0.29 0.29]
2026-01-29 01:00:00,0.29,0.0,1,3,1,2026,1,[0.29 0.29 0.29 0.29 0.29 0.29]
2026-01-29 02:00:00,0.29,0.0,2,3,1,2026,1,[0.29 0.29 0.29 0.29 0.29 0.29]
2026-01-29 03:00:00,0.29,0.0,3,3,1,2026,1,[0.29 0.29 0.29 0.29 0.29 0.29]
2026-01-29 04:00:00,0.29,0.0,4,3,1,2026,1,[0.29 0.29 0.29 0.29 0.29 0.29]
2026-01-29 05:00:00,0.29,0.0,5,3,1,2026,1,[0.29 0.29 0.29 0.29 0.29 0.29]
2026-01-29 06:00:00,0.29,0.0,6,3,1,2026,1,[0.29 0.29 0.29 0.29 0.29 0.29]
2026-01-29 07:00:00,0.29,0.0,7,3,1,2026,1,[0.29       0.29       0.29       0.29       0.29       0.28974998]
2026-01-29 08:00:00,0.29,0.0,8,3,1,2026,1,[0.29       0.29       0.29       0.29       0.28974998 0.28974998]
2026-01-29 09:00:00,0.29,0.0,9,3,1,2026,1,[0.29       0.29       0.29       0.28974998 0.28974998 0.28974998]
2026-01-29 10:00:00,0.29,0.0,10,3,1,2026,1,[0.29       0.29       0.28974998 0.28974998 0.28974998 0.28974998]
2026-01-29 11:00:00,0.29,0.0,11,3,1,2026,1,[0.29       0.28974998 0.28974998 0.28974998 0.28974998 0.28974998]
2026-01-29 12:00:00,0.29,0.0,12,3,1,2026,1,[0.28974998 0.28974998 0.28974998 0.28974998 0.28974998 0.28974998]
2026-01-29 13:00:00,0.28974998,0.0,13,3,1,2026,1,[0.28974998 0.28974998 0.28974998 0.28974998 0.28974998 0.28974998]
2026-01-29 14:00:00,0.28974998,0.0,14,3,1,2026,1,[0.28974998 0.28974998 0.28974998 0.28974998 0.28974998 0.28974998]
2026-01-29 15:00:00,0.28974998,0.0,15,3,1,2026,1,[0.28974998 0.28974998 0.28974998 0.28974998 0.28974998 0.28974998]
2026-01-29 16:00:00,0.28974998,0.0,16,3,1,2026,1,[0.28974998 0.28974998 0.28974998 0.28974998 0.28974998 0.28974998]
2026-01-29 17:00:00,0.28974998,0.0,17,3,1,2026,1,[0.28974998 0.28974998 0.28974998 0.28974998 0.28974998 0.28974998]
2026-01-29 18:00:00,0.28974998,0.0,18,3,1,2026,1,[0.28974998 0.28974998 0.28974998 0.28974998 0.28974998 0.28974998]
2026-01-29 19:00:00,0.28974998,0.0,19,3,1,2026,1,[0.28974998 0.28974998 0.28974998 0.28974998 0.28974998 0.28974998]
2026-01-29 20:00:00,0.28974998,0.0,20,3,1,2026,1,[0.28974998 0.28974998 0.28974998 0.28974998 0.28974998 0.28974998]
2026-01-29 21:00:00,0.28974998,0.0,21,3,1,2026,1,[0.28974998 0.28974998 0.28974998 0.28974998 0.28974998 0.28974998]
2026-01-29 22:00:00,0.28974998,0.0,22,3,1,2026,1,[0.28974998 0.28974998 0.28974998 0.28974998 0.28974998 0.28974998]
2026-01-29 23:00:00,0.28974998,0.0,23,3,1,2026,1,[0.28974998 0.28974998 0.28974998 0.28974998 0.28974998 0.28974998]
2026-01-30 00:00:00,0.28974998,0.0,0,4,1,2026,1,[0.28974998 0.28974998 0.28974998 0.28974998 0.28974998 0.28925   ]
2026-01-30 01:00:00,0.28974998,0.0,1,4,1,2026,1,[0.28974998 0.28974998 0.28974998 0.28974998 0.28925    0.2895    ]
2026-01-30 02:00:00,0.28974998,0.0,2,4,1,2026,1,[0.28974998 0.28974998 0.28974998 0.28925    0.2895     0.2895    ]
2026-01-30 03:00:00,0.28974998,0.0,3,4,1,2026,1,[0.28974998 0.28974998 0.28925    0.2895     0.2895     0.28925   ]
2026-01-30 04:00:00,0.28974998,0.0,4,4,1,2026,1,[0.28974998 0.28925    0.2895     0.2895     0.28925    0.28925   ]
2026-01-30 05:00:00,0.28974998,0.0,5,4,1,2026,1,[0.28925 0.2895  0.2895  0.28925 0.28925 0.28925]
2026-01-30 06:00:00,0.28925,0.0,6,4,1,2026,1,[0.2895  0.2895  0.28925 0.28925 0.28925 0.28925]
2026-01-30 07:00:00,0.2895,0.0,7,4,1,2026,1,[0.2895  0.28925 0.28925 0.28925 0.28925 0.28925]
2026-01-30 08:00:00,0.2895,0.0,8,4,1,2026,1,[0.28925 0.28925 0.28925 0.28925 0.28925 0.28925]
2026-01-30 09:00:00,0.28925,0.0,9,4,1,2026,1,[0.28925 0.28925 0.28925 0.28925 0.28925 0.28925]
2026-01-30 10:00:00,0.28925,0.0,10,4,1,2026,1,[0.28925 0.28925 0.28925 0.28925 0.28925 0.28925]
2026-01-30 11:00:00,0.28925,0.0,11,4,1,2026,1,[0.28925 0.28925 0.28925 0.28925 0.28925 0.28925]
2026-01-30 12:00:00,0.28925,0.0,12,4,1,2026,1,[0.28925 0.28925 0.28925 0.28925 0.28925 0.28925]
2026-01-30 13:00:00,0.28925,0.0,13,4,1,2026,1,[0.28925 0.28925 0.28925 0.28925 0.28925 0.28925]
2026-01-30 14:00:00,0.28925,0.0,14,4,1,2026,1,[0.28925 0.28925 0.28925 0.28925 0.28925 0.28925]
2026-01-30 15:00:00,0.28925,0.0,15,4,1,2026,1,[0.28925 0.28925 0.28925 0.28925 0.28925 0.28925]
2026-01-30 16:00:00,0.28925,0.0,16,4,1,2026,1,[0.28925 0.28925 0.28925 0.28925 0.28925 0.289  ]
2026-01-30 17:00:00,0.28925,0.0,17,4,1,2026,1,[0.28925 0.28925 0.28925 0.28925 0.289   0.289  ]
2026-01-30 18:00:00,0.28925,0.0,18,4,1,2026,1,[0.28925 0.28925 0.28925 0.289   0.289   0.289  ]
2026-01-30 19:00:00,0.28925,0.0,19,4,1,2026,1,[0.28925 0.28925 0.289   0.289   0.289   0.289  ]
2026-01-30 20:00:00,0.28925,0.0,20,4,1,2026,1,[0.28925 0.289   0.289   0.289   0.289   0.289  ]
2026-01-30 21:00:00,0.28925,0.0,21,4,1,2026,1,[0.289   0.289   0.289   0.289   0.289   0.28875]
2026-01-30 22:00:00,0.289,0.0,22,4,1,2026,1,[0.289   0.289   0.289   0.289   0.28875 0.28875]
2026-01-30 23:00:00,0.289,0.0,23,4,1,2026,1,[0.289   0.289   0.289   0.28875 0.28875 0.28875]
2026-01-31 00:00:00,0.289,0.0,0,5,1,2026,1,[0.289   0.289   0.28875 0.28875 0.28875 0.28875]
2026-01-31 01:00:00,0.289,0.0,1,5,1,2026,1,[0.289   0.28875 0.28875 0.28875 0.28875 0.28875]
2026-01-31 02:00:00,0.289,0.0,2,5,1,2026,1,[0.28875 0.28875 0.28875 0.28875 0.28875 0.28875]
2026-01-31 03:00:00,0.28875,0.0,3,5,1,2026,1,[0.28875 0.28875 0.28875 0.28875 0.28875 0.28875]
2026-01-31 04:00:00,0.28875,0.0,4,5,1,2026,1,[0.28875 0.28875 0.28875 0.28875 0.28875 0.28875]
2026-01-31 05:00:00,0.28875,0.0,5,5,1,2026,1,[0.28875 0.28875 0.28875 0.28875 0.28875 0.28875]
2026-01-31 06:00:00,0.28875,0.0,6,5,1,2026,1,[0.28875 0.28875 0.28875 0.28875 0.28875 0.2885 ]
2026-01-31 07:00:00,0.28875,0.0,7,5,1,2026,1,[0.28875 0.28875 0.28875 0.28875 0.2885  0.2885 ]
2026-01-31 08:00:00,0.28875,0.0,8,5,1,2026,1,[0.28875 0.28875 0.28875 0.2885  0.2885  0.2885 ]
2026-01-31 09:00:00,0.28875,0.0,9,5,1,2026,1,[0.28875 0.28875 0.2885  0.2885  0.2885  0.2885 ]
2026-01-31 10:00:00,0.28875,0.0,10,5,1,2026,1,[0.28875 0.2885  0.2885  0.2885  0.2885  0.2885 ]
2026-01-31 11:00:00,0.28875,0.0,11,5,1,2026,1,[0.2885 0.2885 0.2885 0.2885 0.2885 0.2885]
2026-01-31 12:00:00,0.2885,0.0,12,5,1,2026,1,[0.2885 0.2885 0.2885 0.2885 0.2885 0.2885]
2026-01-31 13:00:00,0.2885,0.0,13,5,1,2026,1,[0.2885 0.2885 0.2885 0.2885 0.2885 0.2885]
2026-01-31 14:00:00,0.2885,0.0,14,5,1,2026,1,[0.2885 0.2885 0.2885 0.2885 0.2885 0.2885]
2026-01-31 15:00:00,0.2885,0.0,15,5,1,2026,1,[0.2885 0.2885 0.2885 0.2885 0.2885 0.2885]
2026-01-31 16:00:00,0.2885,0.0,16,5,1,2026,1,[0.2885 0.2885 0.2885 0.2885 0.2885 0.2885]
2026-01-31 17:00:00,0.2885,0.0,17,5,1,2026,1,[0.2885 0.2885 0.2885 0.2885 0.2885 0.2885]
2026-01-31 18:00:00,0.2885,0.0,18,5,1,2026,1,[0.2885 0.2885 0.2885 0.2885 0.2885 0.2885]
2026-01-31 19:00:00,0.2885,0.0,19,5,1,2026,1,[0.2885 0.2885 0.2885 0.2885 0.2885 0.2885]
2026-01-31 20:00:00,0.2885,0.0,20,5,1,2026,1,[0.2885 0.2885 0.2885 0.2885 0.2885 0.2885]
2026-01-31 21:00:00,0.2885,0.0,21,5,1,2026,1,[0.2885 0.2885 0.2885 0.2885 0.2885 0.2885]
2026-01-31 22:00:00,0.2885,0.0,22,5,1,2026,1,[0.2885 0.2885 0.2885 0.2885 0.2885 0.2885]
2026-01-31 23:00:00,0.2885,0.0,23,5,1,2026,1,[0.2885 0.2885 0.2885 0.2885 0.2885 0.2885]
2026-02-01 00:00:00,0.2885,0.0,0,6,2,2026,1,[0.2885 0.2885 0.2885 0.2885 0.2885 0.2885]
2026-02-01 01:00:00,0.2885,0.0,1,6,2,2026,1,[0.2885 0.2885 0.2885 0.2885 0.2885 0.2885]
2026-02-01 02:00:00,0.2885,0.0,2,6,2,2026,1,[0.2885  0.2885  0.2885  0.2885  0.2885  0.28825]
2026-02-01 03:00:00,0.2885,0.0,3,6,2,2026,1,[0.2885  0.2885  0.2885  0.2885  0.28825 0.28825]
2026-02-01 04:00:00,0.2885,0.0,4,6,2,2026,1,[0.2885  0.2885  0.2885  0.28825 0.28825 0.28825]
2026-02-01 05:00:00,0.2885,0.0,5,6,2,2026,1,[0.2885  0.2885  0.28825 0.28825 0.28825 0.28825]
2026-02-01 06:00:00,0.2885,0.0,6,6,2,2026,1,[0.2885  0.28825 0.28825 0.28825 0.28825 0.28825]
2026-02-01 07:00:00,0.2885,0.0,7,6,2,2026,1,[0.28825 0.28825 0.28825 0.28825 0.28825 0.28825]
2026-02-01 08:00:00,0.28825,0.0,8,6,2,2026,1,[0.28825 0.28825 0.28825 0.28825 0.28825 0.2885 ]
2026-02-01 09:00:00,0.28825,0.0,9,6,2,2026,1,[0.28825 0.28825 0.28825 0.28825 0.2885  0.28875]
2026-02-01 10:00:00,0.28825,0.0,10,6,2,2026,1,[0.28825 0.28825 0.28825 0.2885  0.28875 0.28875]
2026-02-01 11:00:00,0.28825,0.0,11,6,2,2026,1,[0.28825 0.28825 0.2885  0.28875 0.28875 0.28875]
2026-02-01 12:00:00,0.28825,0.0,12,6,2,2026,1,[0.28825 0.2885  0.28875 0.28875 0.28875 0.28875]
2026-02-01 13:00:00,0.28825,0.0,13,6,2,2026,1,[0.2885  0.28875 0.28875 0.28875 0.28875 0.2885 ]
2026-02-01 14:00:00,0.2885,0.0,14,6,2,2026,1,[0.28875 0.28875 0.28875 0.28875 0.2885  0.2885 ]
2026-02-01 15:00:00,0.28875,0.0,15,6,2,2026,1,[0.28875 0.28875 0.28875 0.2885  0.2885  0.2885 ]
2026-02-01 16:00:00,0.28875,0.0,16,6,2,2026,1,[0.28875 0.28875 0.2885  0.2885  0.2885  0.2885 ]
2026-02-01 17:00:00,0.28875,0.0,17,6,2,2026,1,[0.28875 0.2885  0.2885  0.2885  0.2885  0.2885 ]
2026-02-01 18:00:00,0.28875,0.0,18,6,2,2026,1,[0.2885 0.2885 0.2885 0.2885 0.2885 0.2885]
2026-02-01 19:00:00,0.2885,0.0,19,6,2,2026,1,[0.2885 0.2885 0.2885 0.2885 0.2885 0.2885]
2026-02-01 20:00:00,0.2885,0.0,20,6,2,2026,1,[0.2885 0.2885 0.2885 0.2885 0.2885 0.2885]
2026-02-01 21:00:00,0.2885,0.0,21,6,2,2026,1,[0.2885 0.2885 0.2885 0.2885 0.2885 0.2885]
2026-02-01 22:00:00,0.2885,0.0,22,6,2,2026,1,[0.2885 0.2885 0.2885 0.2885 0.2885 0.2885]
2026-02-01 23:00:00,0.2885,0.0,23,6,2,2026,1,[0.2885 0.2885 0.2885 0.2885 0.2885 0.2885]
2026-02-02 00:00:00,0.2885,0.0,0,0,2,2026,1,[0.2885 0.2885 0.2885 0.2885 0.2885 0.2885]
2026-02-02 01:00:00,0.2885,0.0,1,0,2,2026,1,[0.2885 0.2885 0.2885 0.2885 0.2885 0.2885]
2026-02-02 02:00:00,0.2885,0.0,2,0,2,2026,1,[0.2885 0.2885 0.2885 0.2885 0.2885 0.2885]
2026-02-02 03:00:00,0.2885,0.0,3,0,2,2026,1,[0.2885 0.2885 0.2885 0.2885 0.2885 0.2885]
2026-02-02 04:00:00,0.2885,0.0,4,0,2,2026,1,[0.2885  0.2885  0.2885  0.2885  0.2885  0.28825]
2026-02-02 05:00:00,0.2885,0.0,5,0,2,2026,1,[0.2885  0.2885  0.2885  0.2885  0.28825 0.28825]
2026-02-02 06:00:00,0.2885,0.0,6,0,2,2026,1,[0.2885  0.2885  0.2885  0.28825 0.28825 0.28825]
2026-02-02 07:00:00,0.2885,0.0,7,0,2,2026,1,[0.2885  0.2885  0.28825 0.28825 0.28825 0.28825]
2026-02-02 08:00:00,0.2885,0.0,8,0,2,2026,1,[0.2885  0.28825 0.28825 0.28825 0.28825 0.28825]
2026-02-02 09:00:00,0.2885,0.0,9,0,2,2026,1,[0.28825 0.28825 0.28825 0.28825 0.28825 0.28825]
2026-02-02 10:00:00,0.28825,0.5,10,0,2,2026,1,[0.28825 0.28825 0.28825 0.28825 0.28825 0.28825]
2026-02-02 11:00:00,0.28825,0.1,11,0,2,2026,1,[0.28825 0.28825 0.28825 0.28825 0.28825 0.28825]
2026-02-02 12:00:00,0.28825,0.0,12,0,2,2026,1,[0.28825 0.28825 0.28825 0.28825 0.28825 0.28825]
2026-02-02 13:00:00,0.28825,0.0,13,0,2,2026,1,[0.28825 0.28825 0.28825 0.28825 0.28825 0.28825]
2026-02-02 14:00:00,0.28825,0.0,14,0,2,2026,1,[0.28825 0.28825 0.28825 0.28825 0.28825 0.28825]
2026-02-02 15:00:00,0.28825,0.0,15,0,2,2026,1,[0.28825 0.28825 0.28825 0.28825 0.28825 0.288  ]
2026-02-02 16:00:00,0.28825,0.0,16,0,2,2026,1,[0.28825 0.28825 0.28825 0.28825 0.288   0.288  ]
2026-02-02 17:00:00,0.28825,0.0,17,0,2,2026,1,[0.28825 0.28825 0.28825 0.288   0.288   0.288  ]
2026-02-02 18:00:00,0.28825,0.0,18,0,2,2026,1,[0.28825 0.28825 0.288   0.288   0.288   0.288  ]
2026-02-02 19:00:00,0.28825,0.0,19,0,2,2026,1,[0.28825 0.288   0.288   0.288   0.288   0.288  ]
2026-02-02 20:00:00,0.28825,0.3,20,0,2,2026,1,[0.288 0.288 0.288 0.288 0.288 0.288]
2026-02-02 21:00:00,0.288,0.1,21,0,2,2026,1,[0.288 0.288 0.288 0.288 0.288 0.288]
2026-02-02 22:00:00,0.288,0.0,22,0,2,2026,1,[0.288 0.288 0.288 0.288 0.288 0.288]
2026-02-02 23:00:00,0.288,0.0,23,0,2,2026,1,[0.288   0.288   0.288   0.288   0.288   0.28775]
2026-02-03 00:00:00,0.288,0.0,0,1,2,2026,1,[0.288   0.288   0.288   0.288   0.28775 0.28775]
2026-02-03 01:00:00,0.288,0.0,1,1,2,2026,1,[0.288   0.288   0.288   0.28775 0.28775 0.28775]
2026-02-03 02:00:00,0.288,0.0,2,1,2,2026,1,[0.288   0.288   0.28775 0.28775 0.28775 0.28775]
2026-02-03 03:00:00,0.288,0.0,3,1,2,2026,1,[0.288   0.28775 0.28775 0.28775 0.28775 0.28775]
2026-02-03 04:00:00,0.288,0.0,4,1,2,2026,1,[0.28775 0.28775 0.28775 0.28775 0.28775 0.28775]
2026-02-03 05:00:00,0.28775,0.0,5,1,2,2026,1,[0.28775 0.28775 0.28775 0.28775 0.28775 0.28775]
2026-02-03 06:00:00,0.28775,0.0,6,1,2,2026,1,[0.28775 0.28775 0.28775 0.28775 0.28775 0.28825]
2026-02-03 07:00:00,0.28775,0.0,7,1,2,2026,1,[0.28775 0.28775 0.28775 0.28775 0.28825 0.29075]
2026-02-03 08:00:00,0.28775,0.0,8,1,2,2026,1,[0.28775    0.28775    0.28775    0.28825    0.29075    0.29549998]
2026-02-03 09:00:00,0.28775,0.0,9,1,2,2026,1,[0.28775    0.28775    0.28825    0.29075    0.29549998 0.297     ]
2026-02-03 10:00:00,0.28775,0.0,10,1,2,2026,1,[0.28775    0.28825    0.29075    0.29549998 0.297      0.297     ]
2026-02-03 11:00:00,0.28775,0.0,11,1,2,2026,1,[0.28825    0.29075    0.29549998 0.297      0.297      0.29724997]
2026-02-03 12:00:00,0.28825,0.0,12,1,2,2026,1,[0.29075    0.29549998 0.297      0.297      0.29724997 0.29725   ]
2026-02-03 13:00:00,0.29075,0.0,13,1,2,2026,1,[0.29549998 0.297      0.297      0.29724997 0.29725    0.29749998]
2026-02-03 14:00:00,0.29549998,0.0,14,1,2,2026,1,[0.297      0.297      0.29724997 0.29725    0.29749998 0.29725   ]
2026-02-03 15:00:00,0.297,0.0,15,1,2,2026,1,[0.297      0.29724997 0.29725    0.29749998 0.29725    0.29749998]
2026-02-03 16:00:00,0.297,0.0,16,1,2,2026,1,[0.29724997 0.29725    0.29749998 0.29725    0.29749998 0.29724997]
2026-02-03 17:00:00,0.29724997,0.0,17,1,2,2026,1,[0.29725    0.29749998 0.29725    0.29749998 0.29724997 0.29749998]
2026-02-03 18:00:00,0.29725,0.0,18,1,2,2026,1,[0.29749998 0.29725    0.29749998 0.29724997 0.29749998 0.29725   ]
2026-02-03 19:00:00,0.29749998,0.0,19,1,2,2026,1,[0.29725    0.29749998 0.29724997 0.29749998 0.29725    0.29725   ]
2026-02-03 20:00:00,0.29725,0.0,20,1,2,2026,1,[0.29749998 0.29724997 0.29749998 0.29725    0.29725    0.29749998]
2026-02-03 21:00:00,0.29749998,0.0,21,1,2,2026,1,[0.29724997 0.29749998 0.29725    0.29725    0.29749998 0.29749998]
2026-02-03 22:00:00,0.29724997,0.0,22,1,2,2026,1,[0.29749998 0.29725    0.29725    0.29749998 0.29749998 0.29749998]
2026-02-03 23:00:00,0.29749998,0.0,23,1,2,2026,1,[0.29725    0.29725    0.29749998 0.29749998 0.29749998 0.29725   ]
2026-02-04 00:00:00,0.29725,0.0,0,2,2,2026,1,[0.29725    0.29749998 0.29749998 0.29749998 0.29725    0.29725   ]
2026-02-04 01:00:00,0.29725,0.0,1,2,2,2026,1,[0.29749998 0.29749998 0.29749998 0.29725    0.29725    0.29725   ]
2026-02-04 02:00:00,0.29749998,0.0,2,2,2,2026,1,[0.29749998 0.29749998 0.29725    0.29725    0.29725    0.29725   ]
2026-02-04 03:00:00,0.29749998,0.0,3,2,2,2026,1,[0.29749998 0.29725    0.29725    0.29725    0.29725    0.29725   ]
2026-02-04 04:00:00,0.29749998,0.0,4,2,2,2026,1,[0.29725 0.29725 0.29725 0.29725 0.29725 0.29725]
2026-02-04 05:00:00,0.29725,0.0,5,2,2,2026,1,[0.29725 0.29725 0.29725 0.29725 0.29725 0.29725]
2026-02-04 06:00:00,0.29725,0.0,6,2,2,2026,1,[0.29725 0.29725 0.29725 0.29725 0.29725 0.297  ]
2026-02-04 07:00:00,0.29725,0.0,7,2,2,2026,1,[0.29725 0.29725 0.29725 0.29725 0.297   0.29725]
2026-02-04 08:00:00,0.29725,0.0,8,2,2,2026,1,[0.29725 0.29725 0.29725 0.297   0.29725 0.29775]
2026-02-04 09:00:00,0.29725,0.0,9,2,2,2026,1,[0.29725 0.29725 0.297   0.29725 0.29775 0.29825]
2026-02-04 10:00:00,0.29725,0.0,10,2,2,2026,1,[0.29725 0.297   0.29725 0.29775 0.29825 0.29825]
2026-02-04 11:00:00,0.29725,0.0,11,2,2,2026,1,[0.297   0.29725 0.29775 0.29825 0.29825 0.298  ]
2026-02-04 12:00:00,0.297,0.0,12,2,2,2026,1,[0.29725 0.29775 0.29825 0.29825 0.298   0.298  ]
2026-02-04 13:00:00,0.29725,0.0,13,2,2,2026,1,[0.29775 0.29825 0.29825 0.298   0.298   0.298  ]
2026-02-04 14:00:00,0.29775,0.0,14,2,2,2026,1,[0.29825 0.29825 0.298   0.298   0.298   0.298  ]
2026-02-04 15:00:00,0.29825,0.0,15,2,2,2026,1,[0.29825 0.298   0.298   0.298   0.298   0.29775]
2026-02-04 16:00:00,0.29825,0.0,16,2,2,2026,1,[0.298   0.298   0.298   0.298   0.29775 0.29775]
2026-02-04 17:00:00,0.298,0.0,17,2,2,2026,1,[0.298      0.298      0.298      0.29775    0.29775    0.29799998]
2026-02-04 18:00:00,0.298,0.0,18,2,2,2026,1,[0.298      0.298      0.29775    0.29775    0.29799998 0.29799998]
2026-02-04 19:00:00,0.298,0.0,19,2,2,2026,1,[0.298      0.29775    0.29775    0.29799998 0.29799998 0.29799998]
2026-02-04 20:00:00,0.298,0.0,20,2,2,2026,1,[0.29775    0.29775    0.29799998 0.29799998 0.29799998 0.29799998]
2026-02-04 21:00:00,0.29775,0.0,21,2,2,2026,1,[0.29775    0.29799998 0.29799998 0.29799998 0.29799998 0.29775   ]
2026-02-04 22:00:00,0.29775,0.0,22,2,2,2026,1,[0.29799998 0.29799998 0.29799998 0.29799998 0.29775    0.29775   ]
2026-02-04 23:00:00,0.29799998,0.0,23,2,2,2026,1,[0.29799998 0.29799998 0.29799998 0.29775    0.29775    0.29775   ]
2026-02-05 00:00:00,0.29799998,0.0,0,3,2,2026,1,[0.29799998 0.29799998 0.29775    0.29775    0.29775    0.29775   ]
2026-02-05 01:00:00,0.29799998,0.0,1,3,2,2026,1,[0.29799998 0.29775    0.29775    0.29775    0.29775    0.29775   ]
2026-02-05 02:00:00,0.29799998,0.0,2,3,2,2026,1,[0.29775 0.29775 0.29775 0.29775 0.29775 0.29775]
2026-02-05 03:00:00,0.29775,0.0,3,3,2,2026,1,[0.29775 0.29775 0.29775 0.29775 0.29775 0.29775]
2026-02-05 04:00:00,0.29775,0.0,4,3,2,2026,1,[0.29775    0.29775    0.29775    0.29775    0.29775    0.29749998]
2026-02-05 05:00:00,0.29775,0.0,5,3,2,2026,1,[0.29775    0.29775    0.29775    0.29775    0.29749998 0.29749998]
2026-02-05 06:00:00,0.29775,0.0,6,3,2,2026,1,[0.29775    0.29775    0.29775    0.29749998 0.29749998 0.29749998]
2026-02-05 07:00:00,0.29775,0.0,7,3,2,2026,1,[0.29775    0.29775    0.29749998 0.29749998 0.29749998 0.29749998]
2026-02-05 08:00:00,0.29775,0.0,8,3,2,2026,1,[0.29775    0.29749998 0.29749998 0.29749998 0.29749998 0.29749998]
2026-02-05 09:00:00,0.29775,0.0,9,3,2,2026,1,[0.29749998 0.29749998 0.29749998 0.29749998 0.29749998 0.29775   ]
2026-02-05 10:00:00,0.29749998,0.0,10,3,2,2026,1,[0.29749998 0.29749998 0.29749998 0.29749998 0.29775    0.29775   ]
2026-02-05 11:00:00,0.29749998,0.0,11,3,2,2026,1,[0.29749998 0.29749998 0.29749998 0.29775    0.29775    0.29749998]
2026-02-05 12:00:00,0.29749998,0.0,12,3,2,2026,1,[0.29749998 0.29749998 0.29775    0.29775    0.29749998 0.29725   ]
2026-02-05 13:00:00,0.29749998,0.0,13,3,2,2026,1,[0.29749998 0.29775    0.29775    0.29749998 0.29725    0.29725   ]
2026-02-05 14:00:00,0.29749998,0.0,14,3,2,2026,1,[0.29775    0.29775    0.29749998 0.29725    0.29725    0.29725   ]
2026-02-05 15:00:00,0.29775,0.0,15,3,2,2026,1,[0.29775    0.29749998 0.29725    0.29725    0.29725    0.29725   ]
2026-02-05 16:00:00,0.29775,0.0,16,3,2,2026,1,[0.29749998 0.29725    0.29725    0.29725    0.29725    0.29725   ]
2026-02-05 17:00:00,0.29749998,0.0,17,3,2,2026,1,[0.29725 0.29725 0.29725 0.29725 0.29725 0.29725]
2026-02-05 18:00:00,0.29725,0.0,18,3,2,2026,1,[0.29725 0.29725 0.29725 0.29725 0.29725 0.29725]
2026-02-05 19:00:00,0.29725,0.0,19,3,2,2026,1,[0.29725 0.29725 0.29725 0.29725 0.29725 0.29725]
2026-02-05 20:00:00,0.29725,0.0,20,3,2,2026,1,[0.29725 0.29725 0.29725 0.29725 0.29725 0.29725]
2026-02-05 21:00:00,0.29725,0.3,21,3,2,2026,1,[0.29725 0.29725 0.29725 0.29725 0.29725 0.297  ]
2026-02-05 22:00:00,0.29725,0.3,22,3,2,2026,1,[0.29725 0.29725 0.29725 0.29725 0.297   0.297  ]
2026-02-05 23:00:00,0.29725,0.0,23,3,2,2026,1,[0.29725 0.29725 0.29725 0.297   0.297   0.297  ]
2026-02-06 00:00:00,0.29725,0.0,0,4,2,2026,1,[0.29725 0.29725 0.297   0.297   0.297   0.297  ]
2026-02-06 01:00:00,0.29725,0.0,1,4,2,2026,1,[0.29725 0.297   0.297   0.297   0.297   0.297  ]
2026-02-06 02:00:00,0.29725,0.0,2,4,2,2026,1,[0.297 0.297 0.297 0.297 0.297 0.297]
2026-02-06 03:00:00,0.297,0.0,3,4,2,2026,1,[0.297 0.297 0.297 0.297 0.297 0.297]
2026-02-06 04:00:00,0.297,0.0,4,4,2,2026,1,[0.297 0.297 0.297 0.297 0.297 0.297]
2026-02-06 05:00:00,0.297,0.0,5,4,2,2026,1,[0.297 0.297 0.297 0.297 0.297 0.297]
2026-02-06 06:00:00,0.297,0.0,6,4,2,2026,1,[0.297   0.297   0.297   0.297   0.297   0.29775]
2026-02-06 07:00:00,0.297,0.5,7,4,2,2026,1,[0.297   0.297   0.297   0.297   0.29775 0.30075]
2026-02-06 08:00:00,0.297,0.6,8,4,2,2026,1,[0.297      0.297      0.297      0.29775    0.30075    0.31199998]
2026-02-06 09:00:00,0.297,0.5,9,4,2,2026,1,[0.297      0.297      0.29775    0.30075    0.31199998 0.31599998]
2026-02-06 10:00:00,0.297,0.1,10,4,2,2026,1,[0.297      0.29775    0.30075    0.31199998 0.31599998 0.31775   ]
2026-02-06 11:00:00,0.297,0.0,11,4,2,2026,1,[0.29775    0.30075    0.31199998 0.31599998 0.31775    0.31825   ]
2026-02-06 12:00:00,0.29775,0.0,12,4,2,2026,1,[0.30075    0.31199998 0.31599998 0.31775    0.31825    0.3185    ]
2026-02-06 13:00:00,0.30075,0.0,13,4,2,2026,1,[0.31199998 0.31599998 0.31775    0.31825    0.3185     0.317     ]
2026-02-06 14:00:00,0.31199998,0.0,14,4,2,2026,1,[0.31599998 0.31775    0.31825    0.3185     0.317      0.317     ]
2026-02-06 15:00:00,0.31599998,0.0,15,4,2,2026,1,[0.31775 0.31825 0.3185  0.317   0.317   0.317  ]
2026-02-06 16:00:00,0.31775,0.0,16,4,2,2026,1,[0.31825 0.3185  0.317   0.317   0.317   0.3165 ]
2026-02-06 17:00:00,0.31825,0.0,17,4,2,2026,1,[0.3185  0.317   0.317   0.317   0.3165  0.31675]
2026-02-06 18:00:00,0.3185,0.0,18,4,2,2026,1,[0.317   0.317   0.317   0.3165  0.31675 0.31675]
2026-02-06 19:00:00,0.317,0.0,19,4,2,2026,1,[0.317   0.317   0.3165  0.31675 0.31675 0.3165 ]
2026-02-06 20:00:00,0.317,0.0,20,4,2,2026,1,[0.317   0.3165  0.31675 0.31675 0.3165  0.31675]
2026-02-06 21:00:00,0.317,0.0,21,4,2,2026,1,[0.3165  0.31675 0.31675 0.3165  0.31675 0.3165 ]
2026-02-06 22:00:00,0.3165,0.0,22,4,2,2026,1,[0.31675 0.31675 0.3165  0.31675 0.3165  0.3165 ]
2026-02-06 23:00:00,0.31675,0.0,23,4,2,2026,1,[0.31675 0.3165  0.31675 0.3165  0.3165  0.3165 ]
2026-02-07 00:00:00,0.31675,0.0,0,5,2,2026,1,[0.3165  0.31675 0.3165  0.3165  0.3165  0.31625]
2026-02-07 01:00:00,0.3165,0.0,1,5,2,2026,1,[0.31675 0.3165  0.3165  0.3165  0.31625 0.3165 ]
2026-02-07 02:00:00,0.31675,0.0,2,5,2,2026,1,[0.3165  0.3165  0.3165  0.31625 0.3165  0.316  ]
2026-02-07 03:00:00,0.3165,0.0,3,5,2,2026,1,[0.3165  0.3165  0.31625 0.3165  0.316   0.316  ]
2026-02-07 04:00:00,0.3165,0.0,4,5,2,2026,1,[0.3165     0.31625    0.3165     0.316      0.316      0.31599998]
2026-02-07 05:00:00,0.3165,0.0,5,5,2,2026,1,[0.31625    0.3165     0.316      0.316      0.31599998 0.31599998]
2026-02-07 06:00:00,0.31625,0.0,6,5,2,2026,1,[0.3165     0.316      0.316      0.31599998 0.31599998 0.31575   ]
2026-02-07 07:00:00,0.3165,0.0,7,5,2,2026,1,[0.316      0.316      0.31599998 0.31599998 0.31575    0.31575   ]
2026-02-07 08:00:00,0.316,0.0,8,5,2,2026,1,[0.316      0.31599998 0.31599998 0.31575    0.31575    0.31599998]
2026-02-07 09:00:00,0.316,0.0,9,5,2,2026,1,[0.31599998 0.31599998 0.31575    0.31575    0.31599998 0.31575   ]
2026-02-07 10:00:00,0.31599998,0.0,10,5,2,2026,1,[0.31599998 0.31575    0.31575    0.31599998 0.31575    0.31575   ]
2026-02-07 11:00:00,0.31599998,0.0,11,5,2,2026,1,[0.31575    0.31575    0.31599998 0.31575    0.31575    0.31550002]
2026-02-07 12:00:00,0.31575,0.0,12,5,2,2026,1,[0.31575    0.31599998 0.31575    0.31575    0.31550002 0.31550002]
2026-02-07 13:00:00,0.31575,0.0,13,5,2,2026,1,[0.31599998 0.31575    0.31575    0.31550002 0.31550002 0.31575   ]
2026-02-07 14:00:00,0.31599998,0.0,14,5,2,2026,1,[0.31575    0.31575    0.31550002 0.31550002 0.31575    0.31550002]
2026-02-07 15:00:00,0.31575,0.0,15,5,2,2026,1,[0.31575    0.31550002 0.31550002 0.31575    0.31550002 0.31524998]
2026-02-07 16:00:00,0.31575,0.0,16,5,2,2026,1,[0.31550002 0.31550002 0.31575    0.31550002 0.31524998 0.31524998]
2026-02-07 17:00:00,0.31550002,0.0,17,5,2,2026,1,[0.31550002 0.31575    0.31550002 0.31524998 0.31524998 0.315     ]
2026-02-07 18:00:00,0.31550002,0.0,18,5,2,2026,1,[0.31575    0.31550002 0.31524998 0.31524998 0.315      0.315     ]
2026-02-07 19:00:00,0.31575,0.0,19,5,2,2026,1,[0.31550002 0.31524998 0.31524998 0.315      0.315      0.315     ]
2026-02-07 20:00:00,0.31550002,0.0,20,5,2,2026,1,[0.31524998 0.31524998 0.315      0.315      0.315      0.315     ]
2026-02-07 21:00:00,0.31524998,0.0,21,5,2,2026,1,[0.31524998 0.315      0.315      0.315      0.315      0.3145    ]
2026-02-07 22:00:00,0.31524998,0.0,22,5,2,2026,1,[0.315      0.315      0.315      0.315      0.3145     0.31475002]
2026-02-07 23:00:00,0.315,0.0,23,5,2,2026,1,[0.315      0.315      0.315      0.3145     0.31475002 0.31475002]
2026-02-08 00:00:00,0.315,0.0,0,6,2,2026,1,[0.315      0.315      0.3145     0.31475002 0.31475002 0.31475002]
2026-02-08 01:00:00,0.315,0.0,1,6,2,2026,1,[0.315      0.3145     0.31475002 0.31475002 0.31475002 0.31475002]
2026-02-08 02:00:00,0.315,0.0,2,6,2,2026,1,[0.3145     0.31475002 0.31475002 0.31475002 0.31475002 0.31449997]
2026-02-08 03:00:00,0.3145,0.0,3,6,2,2026,1,[0.31475002 0.31475002 0.31475002 0.31475002 0.31449997 0.31449997]
2026-02-08 04:00:00,0.31475002,0.0,4,6,2,2026,1,[0.31475002 0.31475002 0.31475002 0.31449997 0.31449997 0.31449997]
2026-02-08 05:00:00,0.31475002,0.0,5,6,2,2026,1,[0.31475002 0.31475002 0.31449997 0.31449997 0.31449997 0.31425   ]
2026-02-08 06:00:00,0.31475002,0.0,6,6,2,2026,1,[0.31475002 0.31449997 0.31449997 0.31449997 0.31425    0.31425   ]
2026-02-08 07:00:00,0.31475002,0.0,7,6,2,2026,1,[0.31449997 0.31449997 0.31449997 0.31425    0.31425    0.31425   ]
2026-02-08 08:00:00,0.31449997,0.0,8,6,2,2026,1,[0.31449997 0.31449997 0.31425    0.31425    0.31425    0.31475002]
2026-02-08 09:00:00,0.31449997,0.0,9,6,2,2026,1,[0.31449997 0.31425    0.31425    0.31425    0.31475002 0.31475002]
2026-02-08 10:00:00,0.31449997,0.0,10,6,2,2026,1,[0.31425    0.31425    0.31425    0.31475002 0.31475002 0.31475002]
2026-02-08 11:00:00,0.31425,0.0,11,6,2,2026,1,[0.31425    0.31425    0.31475002 0.31475002 0.31475002 0.3145    ]
2026-02-08 12:00:00,0.31425,0.0,12,6,2,2026,1,[0.31425    0.31475002 0.31475002 0.31475002 0.3145     0.3145    ]
2026-02-08 13:00:00,0.31425,0.0,13,6,2,2026,1,[0.31475002 0.31475002 0.31475002 0.3145     0.3145     0.3145    ]
2026-02-08 14:00:00,0.31475002,0.0,14,6,2,2026,1,[0.31475002 0.31475002 0.3145     0.3145     0.3145     0.3145    ]
2026-02-08 15:00:00,0.31475002,0.0,15,6,2,2026,1,[0.31475002 0.3145     0.3145     0.3145     0.3145     0.31425   ]
2026-02-08 16:00:00,0.31475002,0.0,16,6,2,2026,1,[0.3145     0.3145     0.3145     0.3145     0.31425    0.31399998]
2026-02-08 17:00:00,0.3145,0.0,17,6,2,2026,1,[0.3145     0.3145     0.3145     0.31425    0.31399998 0.31399998]
2026-02-08 18:00:00,0.3145,0.0,18,6,2,2026,1,[0.3145     0.3145     0.31425    0.31399998 0.31399998 0.31399998]
2026-02-08 19:00:00,0.3145,0.0,19,6,2,2026,1,[0.3145     0.31425    0.31399998 0.31399998 0.31399998 0.31399998]
2026-02-08 20:00:00,0.3145,0.0,20,6,2,2026,1,[0.31425    0.31399998 0.31399998 0.31399998 0.31399998 0.31399998]
2026-02-08 21:00:00,0.31425,0.0,21,6,2,2026,1,[0.31399998 0.31399998 0.31399998 0.31399998 0.31399998 0.31375   ]
2026-02-08 22:00:00,0.31399998,0.0,22,6,2,2026,1,[0.31399998 0.31399998 0.31399998 0.31399998 0.31375    0.31375   ]
2026-02-08 23:00:00,0.31399998,0.0,23,6,2,2026,1,[0.31399998 0.31399998 0.31399998 0.31375    0.31375    0.31375   ]
2026-02-09 00:00:00,0.31399998,0.0,0,0,2,2026,1,[0.31399998 0.31399998 0.31375    0.31375    0.31375    0.31375   ]
2026-02-09 01:00:00,0.31399998,0.0,1,0,2,2026,1,[0.31399998 0.31375    0.31375    0.31375    0.31375    0.31375   ]
2026-02-09 02:00:00,0.31399998,0.0,2,0,2,2026,1,[0.31375 0.31375 0.31375 0.31375 0.31375 0.31375]
2026-02-09 03:00:00,0.31375,0.0,3,0,2,2026,1,[0.31375 0.31375 0.31375 0.31375 0.31375 0.3135 ]
2026-02-09 04:00:00,0.31375,0.0,4,0,2,2026,1,[0.31375 0.31375 0.31375 0.31375 0.3135  0.31325]
2026-02-09 05:00:00,0.31375,0.0,5,0,2,2026,1,[0.31375 0.31375 0.31375 0.3135  0.31325 0.31325]
2026-02-09 06:00:00,0.31375,0.0,6,0,2,2026,1,[0.31375 0.31375 0.3135  0.31325 0.31325 0.31325]
2026-02-09 07:00:00,0.31375,0.0,7,0,2,2026,1,[0.31375 0.3135  0.31325 0.31325 0.31325 0.31325]
2026-02-09 08:00:00,0.31375,0.0,8,0,2,2026,1,[0.3135  0.31325 0.31325 0.31325 0.31325 0.3135 ]
2026-02-09 09:00:00,0.3135,0.0,9,0,2,2026,1,[0.31325    0.31325    0.31325    0.31325    0.3135     0.31399998]
2026-02-09 10:00:00,0.31325,0.0,10,0,2,2026,1,[0.31325    0.31325    0.31325    0.3135     0.31399998 0.31399998]
2026-02-09 11:00:00,0.31325,0.0,11,0,2,2026,1,[0.31325    0.31325    0.3135     0.31399998 0.31399998 0.31375   ]
2026-02-09 12:00:00,0.31325,0.0,12,0,2,2026,1,[0.31325    0.3135     0.31399998 0.31399998 0.31375    0.31375   ]
2026-02-09 13:00:00,0.31325,0.0,13,0,2,2026,1,[0.3135     0.31399998 0.31399998 0.31375    0.31375    0.3135    ]
2026-02-09 14:00:00,0.3135,0.0,14,0,2,2026,1,[0.31399998 0.31399998 0.31375    0.31375    0.3135     0.3135    ]
2026-02-09 15:00:00,0.31399998,0.0,15,0,2,2026,1,[0.31399998 0.31375    0.31375    0.3135     0.3135     0.3135    ]
2026-02-09 16:00:00,0.31399998,0.0,16,0,2,2026,1,[0.31375 0.31375 0.3135  0.3135  0.3135  0.3135 ]
2026-02-09 17:00:00,0.31375,0.0,17,0,2,2026,1,[0.31375 0.3135  0.3135  0.3135  0.3135  0.31325]
2026-02-09 18:00:00,0.31375,0.0,18,0,2,2026,1,[0.3135  0.3135  0.3135  0.3135  0.31325 0.3135 ]
2026-02-09 19:00:00,0.3135,0.0,19,0,2,2026,1,[0.3135  0.3135  0.3135  0.31325 0.3135  0.3135 ]
2026-02-09 20:00:00,0.3135,0.0,20,0,2,2026,1,[0.3135  0.3135  0.31325 0.3135  0.3135  0.3135 ]
2026-02-09 21:00:00,0.3135,0.0,21,0,2,2026,1,[0.3135  0.31325 0.3135  0.3135  0.3135  0.3135 ]
2026-02-09 22:00:00,0.3135,0.0,22,0,2,2026,1,[0.31325 0.3135  0.3135  0.3135  0.3135  0.3135 ]
2026-02-09 23:00:00,0.31325,0.0,23,0,2,2026,1,[0.3135 0.3135 0.3135 0.3135 0.3135 0.3135]
2026-02-10 00:00:00,0.3135,0.0,0,1,2,2026,1,[0.3135     0.3135     0.3135     0.3135     0.3135     0.31300002]
2026-02-10 01:00:00,0.3135,0.0,1,1,2,2026,1,[0.3135     0.3135     0.3135     0.3135     0.31300002 0.31300002]
2026-02-10 02:00:00,0.3135,0.0,2,1,2,2026,1,[0.3135     0.3135     0.3135     0.31300002 0.31300002 0.31300002]
2026-02-10 03:00:00,0.3135,0.0,3,1,2,2026,1,[0.3135     0.3135     0.31300002 0.31300002 0.31300002 0.31300002]
2026-02-10 04:00:00,0.3135,0.0,4,1,2,2026,1,[0.3135     0.31300002 0.31300002 0.31300002 0.31300002 0.31300002]
2026-02-10 05:00:00,0.3135,0.0,5,1,2,2026,1,[0.31300002 0.31300002 0.31300002 0.31300002 0.31300002 0.314     ]
2026-02-10 06:00:00,0.31300002,0.0,6,1,2,2026,1,[0.31300002 0.31300002 0.31300002 0.31300002 0.314      0.32099998]
2026-02-10 07:00:00,0.31300002,0.0,7,1,2,2026,1,[0.31300002 0.31300002 0.31300002 0.314      0.32099998 0.3295    ]
2026-02-10 08:00:00,0.31300002,0.0,8,1,2,2026,1,[0.31300002 0.31300002 0.314      0.32099998 0.3295     0.33325002]
2026-02-10 09:00:00,0.31300002,0.0,9,1,2,2026,1,[0.31300002 0.314      0.32099998 0.3295     0.33325002 0.33525002]
2026-02-10 10:00:00,0.31300002,0.0,10,1,2,2026,1,[0.314      0.32099998 0.3295     0.33325002 0.33525002 0.33625   ]
2026-02-10 11:00:00,0.314,0.0,11,1,2,2026,1,[0.32099998 0.3295     0.33325002 0.33525002 0.33625    0.33600003]
2026-02-10 12:00:00,0.32099998,0.0,12,1,2,2026,1,[0.3295     0.33325002 0.33525002 0.33625    0.33600003 0.336     ]
2026-02-10 13:00:00,0.3295,0.0,13,1,2,2026,1,[0.33325002 0.33525002 0.33625    0.33600003 0.336      0.33525   ]
2026-02-10 14:00:00,0.33325002,0.0,14,1,2,2026,1,[0.33525002 0.33625    0.33600003 0.336      0.33525    0.33499998]
2026-02-10 15:00:00,0.33525002,0.0,15,1,2,2026,1,[0.33625    0.33600003 0.336      0.33525    0.33499998 0.33449998]
2026-02-10 16:00:00,0.33625,0.0,16,1,2,2026,1,[0.33600003 0.336      0.33525    0.33499998 0.33449998 0.33375   ]
2026-02-10 17:00:00,0.33600003,0.0,17,1,2,2026,1,[0.336      0.33525    0.33499998 0.33449998 0.33375    0.334     ]
2026-02-10 18:00:00,0.336,0.0,18,1,2,2026,1,[0.33525    0.33499998 0.33449998 0.33375    0.334      0.33424997]
2026-02-10 19:00:00,0.33525,0.0,19,1,2,2026,1,[0.33499998 0.33449998 0.33375    0.334      0.33424997 0.3365    ]
2026-02-10 20:00:00,0.33499998,0.0,20,1,2,2026,1,[0.33449998 0.33375    0.334      0.33424997 0.3365     0.33575   ]
2026-02-10 21:00:00,0.33449998,0.0,21,1,2,2026,1,[0.33375    0.334      0.33424997 0.3365     0.33575    0.33400002]
2026-02-10 22:00:00,0.33375,0.0,22,1,2,2026,1,[0.334      0.33424997 0.3365     0.33575    0.33400002 0.33249998]
2026-02-10 23:00:00,0.334,0.0,23,1,2,2026,1,[0.33424997 0.3365     0.33575    0.33400002 0.33249998 0.3315    ]
2026-02-11 00:00:00,0.33424997,0.0,0,2,2,2026,1,[0.3365     0.33575    0.33400002 0.33249998 0.3315     0.33025   ]
2026-02-11 01:00:00,0.3365,0.0,1,2,2,2026,1,[0.33575    0.33400002 0.33249998 0.3315     0.33025    0.329     ]
2026-02-11 02:00:00,0.33575,0.0,2,2,2,2026,1,[0.33400002 0.33249998 0.3315     0.33025    0.329      0.32875   ]
2026-02-11 03:00:00,0.33400002,0.0,3,2,2,2026,1,[0.33249998 0.3315     0.33025    0.329      0.32875    0.328     ]
2026-02-11 04:00:00,0.33249998,0.0,4,2,2,2026,1,[0.3315  0.33025 0.329   0.32875 0.328   0.32725]
2026-02-11 05:00:00,0.3315,0.0,5,2,2,2026,1,[0.33025 0.329   0.32875 0.328   0.32725 0.329  ]
2026-02-11 06:00:00,0.33025,0.0,6,2,2,2026,1,[0.329   0.32875 0.328   0.32725 0.329   0.3355 ]
2026-02-11 07:00:00,0.329,0.0,7,2,2,2026,1,[0.32875 0.328   0.32725 0.329   0.3355  0.339  ]
2026-02-11 08:00:00,0.32875,0.0,8,2,2,2026,1,[0.328   0.32725 0.329   0.3355  0.339   0.3425 ]
2026-02-11 09:00:00,0.328,0.0,9,2,2,2026,1,[0.32725 0.329   0.3355  0.339   0.3425  0.34375]
2026-02-11 10:00:00,0.32725,0.0,10,2,2,2026,1,[0.329   0.3355  0.339   0.3425  0.34375 0.343  ]
2026-02-11 11:00:00,0.329,0.0,11,2,2,2026,1,[0.3355  0.339   0.3425  0.34375 0.343   0.34225]
2026-02-11 12:00:00,0.3355,0.0,12,2,2,2026,1,[0.339   0.3425  0.34375 0.343   0.34225 0.34125]
2026-02-11 13:00:00,0.339,0.0,13,2,2,2026,1,[0.3425  0.34375 0.343   0.34225 0.34125 0.3385 ]
2026-02-11 14:00:00,0.3425,0.0,14,2,2,2026,1,[0.34375 0.343   0.34225 0.34125 0.3385  0.33725]
2026-02-11 15:00:00,0.34375,0.0,15,2,2,2026,1,[0.343      0.34225    0.34125    0.3385     0.33725    0.33674997]
2026-02-11 16:00:00,0.343,0.0,16,2,2,2026,1,[0.34225    0.34125    0.3385     0.33725    0.33674997 0.33600003]
2026-02-11 17:00:00,0.34225,0.0,17,2,2,2026,1,[0.34125    0.3385     0.33725    0.33674997 0.33600003 0.33525002]
2026-02-11 18:00:00,0.34125,0.0,18,2,2,2026,1,[0.3385     0.33725    0.33674997 0.33600003 0.33525002 0.33475   ]
2026-02-11 19:00:00,0.3385,0.0,19,2,2,2026,1,[0.33725    0.33674997 0.33600003 0.33525002 0.33475    0.33424997]
2026-02-11 20:00:00,0.33725,0.0,20,2,2,2026,1,[0.33674997 0.33600003 0.33525002 0.33475    0.33424997 0.3335    ]
2026-02-11 21:00:00,0.33674997,0.0,21,2,2,2026,1,[0.33600003 0.33525002 0.33475    0.33424997 0.3335     0.3335    ]
2026-02-11 22:00:00,0.33600003,0.0,22,2,2,2026,1,[0.33525002 0.33475    0.33424997 0.3335     0.3335     0.333     ]
2026-02-11 23:00:00,0.33525002,0.0,23,2,2,2026,1,[0.33475    0.33424997 0.3335     0.3335     0.333      0.3325    ]
2026-02-12 00:00:00,0.33475,0.0,0,3,2,2026,1,[0.33424997 0.3335     0.3335     0.333      0.3325     0.33225   ]
2026-02-12 01:00:00,0.33424997,0.0,1,3,2,2026,1,[0.3335  0.3335  0.333   0.3325  0.33225 0.33175]
2026-02-12 02:00:00,0.3335,0.0,2,3,2,2026,1,[0.3335  0.333   0.3325  0.33225 0.33175 0.33125]
2026-02-12 03:00:00,0.3335,0.0,3,3,2,2026,1,[0.333   0.3325  0.33225 0.33175 0.33125 0.331  ]
2026-02-12 04:00:00,0.333,0.0,4,3,2,2026,1,[0.3325     0.33225    0.33175    0.33125    0.331      0.33075002]
2026-02-12 05:00:00,0.3325,0.0,5,3,2,2026,1,[0.33225    0.33175    0.33125    0.331      0.33075002 0.33075   ]
2026-02-12 06:00:00,0.33225,0.0,6,3,2,2026,1,[0.33175    0.33125    0.331      0.33075002 0.33075    0.33174998]
2026-02-12 07:00:00,0.33175,0.0,7,3,2,2026,1,[0.33125    0.331      0.33075002 0.33075    0.33174998 0.3405    ]
2026-02-12 08:00:00,0.33125,0.0,8,3,2,2026,1,[0.331      0.33075002 0.33075    0.33174998 0.3405     0.3445    ]
2026-02-12 09:00:00,0.331,0.0,9,3,2,2026,1,[0.33075002 0.33075    0.33174998 0.3405     0.3445     0.34600002]
2026-02-12 10:00:00,0.33075002,0.0,10,3,2,2026,1,[0.33075    0.33174998 0.3405     0.3445     0.34600002 0.34574997]
2026-02-12 11:00:00,0.33075,0.0,11,3,2,2026,1,[0.33174998 0.3405     0.3445     0.34600002 0.34574997 0.34525   ]
2026-02-12 12:00:00,0.33174998,0.0,12,3,2,2026,1,[0.3405     0.3445     0.34600002 0.34574997 0.34525    0.34399998]
2026-02-12 13:00:00,0.3405,0.0,13,3,2,2026,1,[0.3445     0.34600002 0.34574997 0.34525    0.34399998 0.34125003]
2026-02-12 14:00:00,0.3445,0.0,14,3,2,2026,1,[0.34600002 0.34574997 0.34525    0.34399998 0.34125003 0.34050003]
2026-02-12 15:00:00,0.34600002,0.0,15,3,2,2026,1,[0.34574997 0.34525    0.34399998 0.34125003 0.34050003 0.3395    ]
2026-02-12 16:00:00,0.34574997,0.0,16,3,2,2026,1,[0.34525    0.34399998 0.34125003 0.34050003 0.3395     0.33925   ]
2026-02-12 17:00:00,0.34525,0.0,17,3,2,2026,1,[0.34399998 0.34125003 0.34050003 0.3395     0.33925    0.3385    ]
2026-02-12 18:00:00,0.34399998,0.0,18,3,2,2026,1,[0.34125003 0.34050003 0.3395     0.33925    0.3385     0.338     ]
2026-02-12 19:00:00,0.34125003,0.0,19,3,2,2026,1,[0.34050003 0.3395     0.33925    0.3385     0.338      0.3375    ]
2026-02-12 20:00:00,0.34050003,0.0,20,3,2,2026,1,[0.3395  0.33925 0.3385  0.338   0.3375  0.33675]
2026-02-12 21:00:00,0.3395,0.0,21,3,2,2026,1,[0.33925 0.3385  0.338   0.3375  0.33675 0.33625]
2026-02-12 22:00:00,0.33925,0.0,22,3,2,2026,1,[0.3385  0.338   0.3375  0.33675 0.33625 0.336  ]
2026-02-12 23:00:00,0.3385,0.0,23,3,2,2026,1,[0.338      0.3375     0.33675    0.33625    0.336      0.33549997]
2026-02-13 00:00:00,0.338,0.0,0,4,2,2026,1,[0.3375     0.33675    0.33625    0.336      0.33549997 0.33525   ]
2026-02-13 01:00:00,0.3375,0.0,1,4,2,2026,1,[0.33675    0.33625    0.336      0.33549997 0.33525    0.335     ]
2026-02-13 02:00:00,0.33675,0.0,2,4,2,2026,1,[0.33625    0.336      0.33549997 0.33525    0.335      0.33449998]
2026-02-13 03:00:00,0.33625,0.0,3,4,2,2026,1,[0.336      0.33549997 0.33525    0.335      0.33449998 0.33425   ]
2026-02-13 04:00:00,0.336,0.0,4,4,2,2026,1,[0.33549997 0.33525    0.335      0.33449998 0.33425    0.33425   ]
2026-02-13 05:00:00,0.33549997,0.0,5,4,2,2026,1,[0.33525    0.335      0.33449998 0.33425    0.33425    0.33374998]
2026-02-13 06:00:00,0.33525,0.0,6,4,2,2026,1,[0.335      0.33449998 0.33425    0.33425    0.33374998 0.3355    ]
2026-02-13 07:00:00,0.335,0.0,7,4,2,2026,1,[0.33449998 0.33425    0.33425    0.33374998 0.3355     0.33949998]
2026-02-13 08:00:00,0.33449998,0.0,8,4,2,2026,1,[0.33425    0.33425    0.33374998 0.3355     0.33949998 0.34425   ]
2026-02-13 09:00:00,0.33425,0.0,9,4,2,2026,1,[0.33425    0.33374998 0.3355     0.33949998 0.34425    0.34625   ]
2026-02-13 10:00:00,0.33425,0.0,10,4,2,2026,1,[0.33374998 0.3355     0.33949998 0.34425    0.34625    0.34675   ]
2026-02-13 11:00:00,0.33374998,0.0,11,4,2,2026,1,[0.3355     0.33949998 0.34425    0.34625    0.34675    0.346     ]
2026-02-13 12:00:00,0.3355,0.0,12,4,2,2026,1,[0.33949998 0.34425    0.34625    0.34675    0.346      0.34524998]
2026-02-13 13:00:00,0.33949998,0.0,13,4,2,2026,1,[0.34425    0.34625    0.34675    0.346      0.34524998 0.34225002]
2026-02-13 14:00:00,0.34425,0.0,14,4,2,2026,1,[0.34625    0.34675    0.346      0.34524998 0.34225002 0.34100002]
2026-02-13 15:00:00,0.34625,0.0,15,4,2,2026,1,[0.34675    0.346      0.34524998 0.34225002 0.34100002 0.34025002]
2026-02-13 16:00:00,0.34675,0.0,16,4,2,2026,1,[0.346      0.34524998 0.34225002 0.34100002 0.34025002 0.33925   ]
2026-02-13 17:00:00,0.346,0.0,17,4,2,2026,1,[0.34524998 0.34225002 0.34100002 0.34025002 0.33925    0.33825   ]
2026-02-13 18:00:00,0.34524998,0.0,18,4,2,2026,1,[0.34225002 0.34100002 0.34025002 0.33925    0.33825    0.3375    ]
2026-02-13 19:00:00,0.34225002,0.0,19,4,2,2026,1,[0.34100002 0.34025002 0.33925    0.33825    0.3375     0.33675   ]
2026-02-13 20:00:00,0.34100002,0.0,20,4,2,2026,1,[0.34025002 0.33925    0.33825    0.3375     0.33675    0.336     ]
2026-02-13 21:00:00,0.34025002,0.0,21,4,2,2026,1,[0.33925    0.33825    0.3375     0.33675    0.336      0.33525002]
2026-02-13 22:00:00,0.33925,0.0,22,4,2,2026,1,[0.33825    0.3375     0.33675    0.336      0.33525002 0.335     ]
2026-02-13 23:00:00,0.33825,0.0,23,4,2,2026,1,[0.3375     0.33675    0.336      0.33525002 0.335      0.3345    ]
2026-02-14 00:00:00,0.3375,0.0,0,5,2,2026,1,[0.33675    0.336      0.33525002 0.335      0.3345     0.33375   ]
2026-02-14 01:00:00,0.33675,0.0,1,5,2,2026,1,[0.336      0.33525002 0.335      0.3345     0.33375    0.33325002]
2026-02-14 02:00:00,0.336,0.0,2,5,2,2026,1,[0.33525002 0.335      0.3345     0.33375    0.33325002 0.333     ]
2026-02-14 03:00:00,0.33525002,0.0,3,5,2,2026,1,[0.335      0.3345     0.33375    0.33325002 0.333      0.33249998]
2026-02-14 04:00:00,0.335,0.0,4,5,2,2026,1,[0.3345     0.33375    0.33325002 0.333      0.33249998 0.333     ]
2026-02-14 05:00:00,0.3345,0.0,5,5,2,2026,1,[0.33375    0.33325002 0.333      0.33249998 0.333      0.334     ]
2026-02-14 06:00:00,0.33375,0.0,6,5,2,2026,1,[0.33325002 0.333      0.33249998 0.333      0.334      0.34149998]
2026-02-14 07:00:00,0.33325002,0.0,7,5,2,2026,1,[0.333      0.33249998 0.333      0.334      0.34149998 0.3465    ]
2026-02-14 08:00:00,0.333,0.0,8,5,2,2026,1,[0.33249998 0.333      0.334      0.34149998 0.3465     0.34800002]
2026-02-14 09:00:00,0.33249998,0.0,9,5,2,2026,1,[0.333      0.334      0.34149998 0.3465     0.34800002 0.34875   ]
2026-02-14 10:00:00,0.333,0.0,10,5,2,2026,1,[0.334      0.34149998 0.3465     0.34800002 0.34875    0.349     ]
2026-02-14 11:00:00,0.334,0.0,11,5,2,2026,1,[0.34149998 0.3465     0.34800002 0.34875    0.349      0.3475    ]
2026-02-14 12:00:00,0.34149998,0.0,12,5,2,2026,1,[0.3465     0.34800002 0.34875    0.349      0.3475     0.3475    ]
2026-02-14 13:00:00,0.3465,0.0,13,5,2,2026,1,[0.34800002 0.34875    0.349      0.3475     0.3475     0.34325   ]
2026-02-14 14:00:00,0.34800002,0.0,14,5,2,2026,1,[0.34875    0.349      0.3475     0.3475     0.34325    0.34149998]
2026-02-14 15:00:00,0.34875,0.0,15,5,2,2026,1,[0.349      0.3475     0.3475     0.34325    0.34149998 0.33975   ]
2026-02-14 16:00:00,0.349,0.0,16,5,2,2026,1,[0.3475     0.3475     0.34325    0.34149998 0.33975    0.3385    ]
2026-02-14 17:00:00,0.3475,0.0,17,5,2,2026,1,[0.3475     0.34325    0.34149998 0.33975    0.3385     0.33749998]
2026-02-14 18:00:00,0.3475,0.0,18,5,2,2026,1,[0.34325    0.34149998 0.33975    0.3385     0.33749998 0.3365    ]
2026-02-14 19:00:00,0.34325,0.0,19,5,2,2026,1,[0.34149998 0.33975    0.3385     0.33749998 0.3365     0.336     ]
2026-02-14 20:00:00,0.34149998,0.0,20,5,2,2026,1,[0.33975    0.3385     0.33749998 0.3365     0.336      0.3355    ]
2026-02-14 21:00:00,0.33975,0.0,21,5,2,2026,1,[0.3385     0.33749998 0.3365     0.336      0.3355     0.33475   ]
2026-02-14 22:00:00,0.3385,0.0,22,5,2,2026,1,[0.33749998 0.3365     0.336      0.3355     0.33475    0.33449998]
2026-02-14 23:00:00,0.33749998,0.0,23,5,2,2026,1,[0.3365     0.336      0.3355     0.33475    0.33449998 0.33350003]
2026-02-15 00:00:00,0.3365,0.0,0,6,2,2026,1,[0.336      0.3355     0.33475    0.33449998 0.33350003 0.33325   ]
2026-02-15 01:00:00,0.336,0.0,1,6,2,2026,1,[0.3355     0.33475    0.33449998 0.33350003 0.33325    0.33275002]
2026-02-15 02:00:00,0.3355,0.0,2,6,2,2026,1,[0.33475    0.33449998 0.33350003 0.33325    0.33275002 0.33275002]
2026-02-15 03:00:00,0.33475,0.0,3,6,2,2026,1,[0.33449998 0.33350003 0.33325    0.33275002 0.33275002 0.33225   ]
2026-02-15 04:00:00,0.33449998,0.0,4,6,2,2026,1,[0.33350003 0.33325    0.33275002 0.33275002 0.33225    0.33175   ]
2026-02-15 05:00:00,0.33350003,0.0,5,6,2,2026,1,[0.33325    0.33275002 0.33275002 0.33225    0.33175    0.333     ]
2026-02-15 06:00:00,0.33325,0.0,6,6,2,2026,1,[0.33275002 0.33275002 0.33225    0.33175    0.333      0.3415    ]
2026-02-15 07:00:00,0.33275002,0.0,7,6,2,2026,1,[0.33275002 0.33225    0.33175    0.333      0.3415     0.34625   ]
2026-02-15 08:00:00,0.33275002,0.0,8,6,2,2026,1,[0.33225    0.33175    0.333      0.3415     0.34625    0.34825003]
2026-02-15 09:00:00,0.33225,0.0,9,6,2,2026,1,[0.33175    0.333      0.3415     0.34625    0.34825003 0.34849998]
2026-02-15 10:00:00,0.33175,0.0,10,6,2,2026,1,[0.333      0.3415     0.34625    0.34825003 0.34849998 0.34825   ]
2026-02-15 11:00:00,0.333,0.0,11,6,2,2026,1,[0.3415     0.34625    0.34825003 0.34849998 0.34825    0.347     ]
2026-02-15 12:00:00,0.3415,0.0,12,6,2,2026,1,[0.34625    0.34825003 0.34849998 0.34825    0.347      0.34650004]
2026-02-15 13:00:00,0.34625,0.0,13,6,2,2026,1,[0.34825003 0.34849998 0.34825    0.347      0.34650004 0.34399998]
2026-02-15 14:00:00,0.34825003,0.0,14,6,2,2026,1,[0.34849998 0.34825    0.347      0.34650004 0.34399998 0.34225   ]
2026-02-15 15:00:00,0.34849998,0.0,15,6,2,2026,1,[0.34825    0.347      0.34650004 0.34399998 0.34225    0.34125   ]
2026-02-15 16:00:00,0.34825,0.0,16,6,2,2026,1,[0.347      0.34650004 0.34399998 0.34225    0.34125    0.34000003]
2026-02-15 17:00:00,0.347,0.0,17,6,2,2026,1,[0.34650004 0.34399998 0.34225    0.34125    0.34000003 0.339     ]
2026-02-15 18:00:00,0.34650004,0.0,18,6,2,2026,1,[0.34399998 0.34225    0.34125    0.34000003 0.339      0.338     ]
2026-02-15 19:00:00,0.34399998,0.0,19,6,2,2026,1,[0.34225    0.34125    0.34000003 0.339      0.338      0.33699998]
2026-02-15 20:00:00,0.34225,0.0,20,6,2,2026,1,[0.34125    0.34000003 0.339      0.338      0.33699998 0.33650002]
2026-02-15 21:00:00,0.34125,0.0,21,6,2,2026,1,[0.34000003 0.339      0.338      0.33699998 0.33650002 0.336     ]
2026-02-15 22:00:00,0.34000003,0.0,22,6,2,2026,1,[0.339      0.338      0.33699998 0.33650002 0.336      0.33575   ]
2026-02-15 23:00:00,0.339,0.0,23,6,2,2026,1,[0.338      0.33699998 0.33650002 0.336      0.33575    0.335     ]
2026-02-16 00:00:00,0.338,0.0,0,0,2,2026,1,[0.33699998 0.33650002 0.336      0.33575    0.335      0.33449998]
2026-02-16 01:00:00,0.33699998,0.0,1,0,2,2026,1,[0.33650002 0.336      0.33575    0.335      0.33449998 0.334     ]
2026-02-16 02:00:00,0.33650002,0.0,2,0,2,2026,1,[0.336      0.33575    0.335      0.33449998 0.334      0.33375   ]
2026-02-16 03:00:00,0.336,0.0,3,0,2,2026,1,[0.33575    0.335      0.33449998 0.334      0.33375    0.33375   ]
2026-02-16 04:00:00,0.33575,0.0,4,0,2,2026,1,[0.335      0.33449998 0.334      0.33375    0.33375    0.3335    ]
2026-02-16 05:00:00,0.335,0.0,5,0,2,2026,1,[0.33449998 0.334      0.33375    0.33375    0.3335     0.33525002]
2026-02-16 06:00:00,0.33449998,0.0,6,0,2,2026,1,[0.334      0.33375    0.33375    0.3335     0.33525002 0.34225   ]
2026-02-16 07:00:00,0.334,0.0,7,0,2,2026,1,[0.33375    0.33375    0.3335     0.33525002 0.34225    0.3465    ]
2026-02-16 08:00:00,0.33375,0.0,8,0,2,2026,1,[0.33375    0.3335     0.33525002 0.34225    0.3465     0.34875   ]
2026-02-16 09:00:00,0.33375,0.0,9,0,2,2026,1,[0.3335     0.33525002 0.34225    0.3465     0.34875    0.34975   ]
2026-02-16 10:00:00,0.3335,0.0,10,0,2,2026,1,[0.33525002 0.34225    0.3465     0.34875    0.34975    0.35000002]
2026-02-16 11:00:00,0.33525002,0.0,11,0,2,2026,1,[0.34225    0.3465     0.34875    0.34975    0.35000002 0.34974998]
2026-02-16 12:00:00,0.34225,0.0,12,0,2,2026,1,[0.3465     0.34875    0.34975    0.35000002 0.34974998 0.35050002]
2026-02-16 13:00:00,0.3465,0.0,13,0,2,2026,1,[0.34875    0.34975    0.35000002 0.34974998 0.35050002 0.35      ]
2026-02-16 14:00:00,0.34875,0.0,14,0,2,2026,1,[0.34975    0.35000002 0.34974998 0.35050002 0.35       0.35075   ]
2026-02-16 15:00:00,0.34975,0.0,15,0,2,2026,1,[0.35000002 0.34974998 0.35050002 0.35       0.35075    0.35225   ]
2026-02-16 16:00:00,0.35000002,0.0,16,0,2,2026,1,[0.34974998 0.35050002 0.35       0.35075    0.35225    0.353     ]
2026-02-16 17:00:00,0.34974998,0.0,17,0,2,2026,1,[0.35050002 0.35       0.35075    0.35225    0.353      0.35325   ]
2026-02-16 18:00:00,0.35050002,0.0,18,0,2,2026,1,[0.35    0.35075 0.35225 0.353   0.35325 0.3525 ]
2026-02-16 19:00:00,0.35,0.0,19,0,2,2026,1,[0.35075 0.35225 0.353   0.35325 0.3525  0.3525 ]
2026-02-16 20:00:00,0.35075,0.0,20,0,2,2026,1,[0.35225    0.353      0.35325    0.3525     0.3525     0.35224998]
2026-02-16 21:00:00,0.35225,0.0,21,0,2,2026,1,[0.353      0.35325    0.3525     0.3525     0.35224998 0.352     ]
2026-02-16 22:00:00,0.353,0.0,22,0,2,2026,1,[0.35325    0.3525     0.3525     0.35224998 0.352      0.3525    ]
2026-02-16 23:00:00,0.35325,0.0,23,0,2,2026,1,[0.3525     0.3525     0.35224998 0.352      0.3525     0.35275   ]
2026-02-17 00:00:00,0.3525,0.0,0,1,2,2026,1,[0.3525     0.35224998 0.352      0.3525     0.35275    0.3525    ]
2026-02-17 01:00:00,0.3525,0.0,1,1,2,2026,1,[0.35224998 0.352      0.3525     0.35275    0.3525     0.34875   ]
2026-02-17 02:00:00,0.35224998,0.0,2,1,2,2026,1,[0.352   0.3525  0.35275 0.3525  0.34875 0.3475 ]
2026-02-17 03:00:00,0.352,0.0,3,1,2,2026,1,[0.3525     0.35275    0.3525     0.34875    0.3475     0.34849998]
2026-02-17 04:00:00,0.3525,0.0,4,1,2,2026,1,[0.35275    0.3525     0.34875    0.3475     0.34849998 0.35175002]
2026-02-17 05:00:00,0.35275,0.0,5,1,2,2026,1,[0.3525     0.34875    0.3475     0.34849998 0.35175002 0.35525   ]
2026-02-17 06:00:00,0.3525,0.0,6,1,2,2026,1,[0.34875    0.3475     0.34849998 0.35175002 0.35525    0.3575    ]
2026-02-17 07:00:00,0.34875,0.0,7,1,2,2026,1,[0.3475     0.34849998 0.35175002 0.35525    0.3575     0.35750002]
2026-02-17 08:00:00,0.3475,0.0,8,1,2,2026,1,[0.34849998 0.35175002 0.35525    0.3575     0.35750002 0.35775   ]
2026-02-17 09:00:00,0.34849998,0.0,9,1,2,2026,1,[0.35175002 0.35525    0.3575     0.35750002 0.35775    0.3575    ]
2026-02-17 10:00:00,0.35175002,0.0,10,1,2,2026,1,[0.35525    0.3575     0.35750002 0.35775    0.3575     0.35675   ]
2026-02-17 11:00:00,0.35525,0.0,11,1,2,2026,1,[0.3575     0.35750002 0.35775    0.3575     0.35675    0.35575   ]
2026-02-17 12:00:00,0.3575,0.0,12,1,2,2026,1,[0.35750002 0.35775    0.3575     0.35675    0.35575    0.3565    ]
2026-02-17 13:00:00,0.35750002,0.0,13,1,2,2026,1,[0.35775 0.3575  0.35675 0.35575 0.3565  0.35625]
2026-02-17 14:00:00,0.35775,0.0,14,1,2,2026,1,[0.3575  0.35675 0.35575 0.3565  0.35625 0.35625]
2026-02-17 15:00:00,0.3575,0.0,15,1,2,2026,1,[0.35675 0.35575 0.3565  0.35625 0.35625 0.357  ]
2026-02-17 16:00:00,0.35675,0.0,16,1,2,2026,1,[0.35575 0.3565  0.35625 0.35625 0.357   0.357  ]
2026-02-17 17:00:00,0.35575,0.0,17,1,2,2026,1,[0.3565  0.35625 0.35625 0.357   0.357   0.35625]
2026-02-17 18:00:00,0.3565,0.0,18,1,2,2026,1,[0.35625    0.35625    0.357      0.357      0.35625    0.35575002]
2026-02-17 19:00:00,0.35625,0.0,19,1,2,2026,1,[0.35625    0.357      0.357      0.35625    0.35575002 0.35600004]
2026-02-17 20:00:00,0.35625,0.0,20,1,2,2026,1,[0.357      0.357      0.35625    0.35575002 0.35600004 0.35625002]
2026-02-17 21:00:00,0.357,0.0,21,1,2,2026,1,[0.357      0.35625    0.35575002 0.35600004 0.35625002 0.35825   ]
2026-02-17 22:00:00,0.357,0.0,22,1,2,2026,1,[0.35625    0.35575002 0.35600004 0.35625002 0.35825    0.35775   ]
2026-02-17 23:00:00,0.35625,0.0,23,1,2,2026,1,[0.35575002 0.35600004 0.35625002 0.35825    0.35775    0.361     ]
2026-02-18 00:00:00,0.35575002,0.0,0,2,2,2026,1,[0.35600004 0.35625002 0.35825    0.35775    0.361      0.362     ]
2026-02-18 01:00:00,0.35600004,0.0,1,2,2,2026,1,[0.35625002 0.35825    0.35775    0.361      0.362      0.3615    ]
2026-02-18 02:00:00,0.35625002,0.2,2,2,2,2026,1,[0.35825    0.35775    0.361      0.362      0.3615     0.36400002]
2026-02-18 03:00:00,0.35825,0.3,3,2,2,2026,1,[0.35775    0.361      0.362      0.3615     0.36400002 0.36874998]
2026-02-18 04:00:00,0.35775,0.0,4,2,2,2026,1,[0.361      0.362      0.3615     0.36400002 0.36874998 0.3695    ]
2026-02-18 05:00:00,0.361,0.0,5,2,2,2026,1,[0.362      0.3615     0.36400002 0.36874998 0.3695     0.36925   ]
2026-02-18 06:00:00,0.362,0.0,6,2,2,2026,1,[0.3615     0.36400002 0.36874998 0.3695     0.36925    0.37050003]
2026-02-18 07:00:00,0.3615,0.0,7,2,2,2026,1,[0.36400002 0.36874998 0.3695     0.36925    0.37050003 0.36725   ]
2026-02-18 08:00:00,0.36400002,0.0,8,2,2,2026,1,[0.36874998 0.3695     0.36925    0.37050003 0.36725    0.366     ]
2026-02-18 09:00:00,0.36874998,0.0,9,2,2,2026,1,[0.3695     0.36925    0.37050003 0.36725    0.366      0.36425   ]
2026-02-18 10:00:00,0.3695,1.1,10,2,2,2026,1,[0.36925    0.37050003 0.36725    0.366      0.36425    0.36249998]
2026-02-18 11:00:00,0.36925,0.0,11,2,2,2026,1,[0.37050003 0.36725    0.366      0.36425    0.36249998 0.36075002]
2026-02-18 12:00:00,0.37050003,0.0,12,2,2,2026,1,[0.36725    0.366      0.36425    0.36249998 0.36075002 0.35999998]
2026-02-18 13:00:00,0.36725,0.0,13,2,2,2026,1,[0.366      0.36425    0.36249998 0.36075002 0.35999998 0.3555    ]
2026-02-18 14:00:00,0.366,0.0,14,2,2,2026,1,[0.36425    0.36249998 0.36075002 0.35999998 0.3555     0.35475   ]
2026-02-18 15:00:00,0.36425,0.0,15,2,2,2026,1,[0.36249998 0.36075002 0.35999998 0.3555     0.35475    0.35325   ]
2026-02-18 16:00:00,0.36249998,0.0,16,2,2,2026,1,[0.36075002 0.35999998 0.3555     0.35475    0.35325    0.35175   ]
2026-02-18 17:00:00,0.36075002,0.0,17,2,2,2026,1,[0.35999998 0.3555     0.35475    0.35325    0.35175    0.35000002]
2026-02-18 18:00:00,0.35999998,0.0,18,2,2,2026,1,[0.3555     0.35475    0.35325    0.35175    0.35000002 0.349     ]
2026-02-18 19:00:00,0.3555,0.0,19,2,2,2026,1,[0.35475    0.35325    0.35175    0.35000002 0.349      0.34875   ]
2026-02-18 20:00:00,0.35475,0.0,20,2,2,2026,1,[0.35325    0.35175    0.35000002 0.349      0.34875    0.34875   ]
2026-02-18 21:00:00,0.35325,0.0,21,2,2,2026,1,[0.35175    0.35000002 0.349      0.34875    0.34875    0.34875   ]
2026-02-18 22:00:00,0.35175,0.0,22,2,2,2026,1,[0.35000002 0.349      0.34875    0.34875    0.34875    0.34875   ]
2026-02-18 23:00:00,0.35000002,0.0,23,2,2,2026,1,[0.349      0.34875    0.34875    0.34875    0.34875    0.34899998]
2026-02-19 00:00:00,0.349,0.0,0,3,2,2026,1,[0.34875    0.34875    0.34875    0.34875    0.34899998 0.3485    ]
2026-02-19 01:00:00,0.34875,0.0,1,3,2,2026,1,[0.34875    0.34875    0.34875    0.34899998 0.3485     0.34899998]
2026-02-19 02:00:00,0.34875,0.0,2,3,2,2026,1,[0.34875    0.34875    0.34899998 0.3485     0.34899998 0.34899998]
2026-02-19 03:00:00,0.34875,0.0,3,3,2,2026,1,[0.34875    0.34899998 0.3485     0.34899998 0.34899998 0.3505    ]
2026-02-19 04:00:00,0.34875,0.0,4,3,2,2026,1,[0.34899998 0.3485     0.34899998 0.34899998 0.3505     0.35149997]
2026-02-19 05:00:00,0.34899998,0.0,5,3,2,2026,1,[0.3485     0.34899998 0.34899998 0.3505     0.35149997 0.3585    ]
2026-02-19 06:00:00,0.3485,0.0,6,3,2,2026,1,[0.34899998 0.34899998 0.3505     0.35149997 0.3585     0.36275002]
2026-02-19 07:00:00,0.34899998,0.0,7,3,2,2026,1,[0.34899998 0.3505     0.35149997 0.3585     0.36275002 0.36174998]
2026-02-19 08:00:00,0.34899998,0.0,8,3,2,2026,1,[0.3505     0.35149997 0.3585     0.36275002 0.36174998 0.3635    ]
2026-02-19 09:00:00,0.3505,0.0,9,3,2,2026,1,[0.35149997 0.3585     0.36275002 0.36174998 0.3635     0.3635    ]
2026-02-19 10:00:00,0.35149997,0.4,10,3,2,2026,1,[0.3585     0.36275002 0.36174998 0.3635     0.3635     0.36299998]
2026-02-19 11:00:00,0.3585,0.0,11,3,2,2026,1,[0.36275002 0.36174998 0.3635     0.3635     0.36299998 0.3625    ]
2026-02-19 12:00:00,0.36275002,0.0,12,3,2,2026,1,[0.36174998 0.3635     0.3635     0.36299998 0.3625     0.3615    ]
2026-02-19 13:00:00,0.36174998,0.0,13,3,2,2026,1,[0.3635     0.3635     0.36299998 0.3625     0.3615     0.35575002]
2026-02-19 14:00:00,0.3635,0.5,14,3,2,2026,1,[0.3635     0.36299998 0.3625     0.3615     0.35575002 0.35474998]
2026-02-19 15:00:00,0.3635,0.6,15,3,2,2026,1,[0.36299998 0.3625     0.3615     0.35575002 0.35474998 0.35425   ]
2026-02-19 16:00:00,0.36299998,0.1,16,3,2,2026,1,[0.3625     0.3615     0.35575002 0.35474998 0.35425    0.3535    ]
2026-02-19 17:00:00,0.3625,0.0,17,3,2,2026,1,[0.3615     0.35575002 0.35474998 0.35425    0.3535     0.35274997]
2026-02-19 18:00:00,0.3615,0.0,18,3,2,2026,1,[0.35575002 0.35474998 0.35425    0.3535     0.35274997 0.35175   ]
2026-02-19 19:00:00,0.35575002,0.0,19,3,2,2026,1,[0.35474998 0.35425    0.3535     0.35274997 0.35175    0.35149997]
2026-02-19 20:00:00,0.35474998,0.0,20,3,2,2026,1,[0.35425    0.3535     0.35274997 0.35175    0.35149997 0.3525    ]
2026-02-19 21:00:00,0.35425,0.0,21,3,2,2026,1,[0.3535     0.35274997 0.35175    0.35149997 0.3525     0.352     ]
2026-02-19 22:00:00,0.3535,0.0,22,3,2,2026,1,[0.35274997 0.35175    0.35149997 0.3525     0.352      0.3525    ]
2026-02-19 23:00:00,0.35274997,0.0,23,3,2,2026,1,[0.35175    0.35149997 0.3525     0.352      0.3525     0.355     ]
2026-02-20 00:00:00,0.35175,0.0,0,4,2,2026,1,[0.35149997 0.3525     0.352      0.3525     0.355      0.35525   ]
2026-02-20 01:00:00,0.35149997,0.0,1,4,2,2026,1,[0.3525     0.352      0.3525     0.355      0.35525    0.35300002]
2026-02-20 02:00:00,0.3525,0.0,2,4,2,2026,1,[0.352      0.3525     0.355      0.35525    0.35300002 0.352     ]
2026-02-20 03:00:00,0.352,0.0,3,4,2,2026,1,[0.3525     0.355      0.35525    0.35300002 0.352      0.3525    ]
2026-02-20 04:00:00,0.3525,0.0,4,4,2,2026,1,[0.355      0.35525    0.35300002 0.352      0.3525     0.35075   ]
2026-02-20 05:00:00,0.355,1.2,5,4,2,2026,1,[0.35525    0.35300002 0.352      0.3525     0.35075    0.34875   ]
2026-02-20 06:00:00,0.35525,0.0,6,4,2,2026,1,[0.35300002 0.352      0.3525     0.35075    0.34875    0.34750003]
2026-02-20 07:00:00,0.35300002,0.0,7,4,2,2026,1,[0.352      0.3525     0.35075    0.34875    0.34750003 0.34675002]
2026-02-20 08:00:00,0.352,0.0,8,4,2,2026,1,[0.3525     0.35075    0.34875    0.34750003 0.34675002 0.3455    ]
2026-02-20 09:00:00,0.3525,0.0,9,4,2,2026,1,[0.35075    0.34875    0.34750003 0.34675002 0.3455     0.3445    ]
2026-02-20 10:00:00,0.35075,0.0,10,4,2,2026,1,[0.34875    0.34750003 0.34675002 0.3455     0.3445     0.343     ]
2026-02-20 11:00:00,0.34875,0.0,11,4,2,2026,1,[0.34750003 0.34675002 0.3455     0.3445     0.343      0.34199998]
2026-02-20 12:00:00,0.34750003,0.0,12,4,2,2026,1,[0.34675002 0.3455     0.3445     0.343      0.34199998 0.34050003]
2026-02-20 13:00:00,0.34675002,0.0,13,4,2,2026,1,[0.3455     0.3445     0.343      0.34199998 0.34050003 0.342     ]
2026-02-20 14:00:00,0.3455,0.0,14,4,2,2026,1,[0.3445     0.343      0.34199998 0.34050003 0.342      0.34125   ]
2026-02-20 15:00:00,0.3445,0.0,15,4,2,2026,1,[0.343      0.34199998 0.34050003 0.342      0.34125    0.34025002]
2026-02-20 16:00:00,0.343,0.0,16,4,2,2026,1,[0.34199998 0.34050003 0.342      0.34125    0.34025002 0.3395    ]
2026-02-20 17:00:00,0.34199998,0.0,17,4,2,2026,1,[0.34050003 0.342      0.34125    0.34025002 0.3395     0.33900002]
2026-02-20 18:00:00,0.34050003,0.0,18,4,2,2026,1,[0.342      0.34125    0.34025002 0.3395     0.33900002 0.338     ]
2026-02-20 19:00:00,0.342,0.0,19,4,2,2026,1,[0.34125    0.34025002 0.3395     0.33900002 0.338      0.33625   ]
2026-02-20 20:00:00,0.34125,0.0,20,4,2,2026,1,[0.34025002 0.3395     0.33900002 0.338      0.33625    0.33475003]
2026-02-20 21:00:00,0.34025002,0.0,21,4,2,2026,1,[0.3395     0.33900002 0.338      0.33625    0.33475003 0.33375   ]
2026-02-20 22:00:00,0.3395,0.0,22,4,2,2026,1,[0.33900002 0.338      0.33625    0.33475003 0.33375    0.333     ]
2026-02-20 23:00:00,0.33900002,0.0,23,4,2,2026,1,[0.338      0.33625    0.33475003 0.33375    0.333      0.332     ]
2026-02-21 00:00:00,0.338,0.0,0,5,2,2026,1,[0.33625    0.33475003 0.33375    0.333      0.332      0.33125   ]
2026-02-21 01:00:00,0.33625,0.0,1,5,2,2026,1,[0.33475003 0.33375    0.333      0.332      0.33125    0.32999998]
2026-02-21 02:00:00,0.33475003,0.0,2,5,2,2026,1,[0.33375    0.333      0.332      0.33125    0.32999998 0.32925   ]
2026-02-21 03:00:00,0.33375,0.0,3,5,2,2026,1,[0.333      0.332      0.33125    0.32999998 0.32925    0.3285    ]
2026-02-21 04:00:00,0.333,0.0,4,5,2,2026,1,[0.332      0.33125    0.32999998 0.32925    0.3285     0.32775   ]
2026-02-21 05:00:00,0.332,0.0,5,5,2,2026,1,[0.33125    0.32999998 0.32925    0.3285     0.32775    0.3275    ]
2026-02-21 06:00:00,0.33125,0.0,6,5,2,2026,1,[0.32999998 0.32925    0.3285     0.32775    0.3275     0.32725   ]
2026-02-21 07:00:00,0.32999998,0.0,7,5,2,2026,1,[0.32925 0.3285  0.32775 0.3275  0.32725 0.32675]
2026-02-21 08:00:00,0.32925,0.0,8,5,2,2026,1,[0.3285     0.32775    0.3275     0.32725    0.32675    0.32625002]
2026-02-21 09:00:00,0.3285,0.0,9,5,2,2026,1,[0.32775    0.3275     0.32725    0.32675    0.32625002 0.32575002]
2026-02-21 10:00:00,0.32775,0.0,10,5,2,2026,1,[0.3275     0.32725    0.32675    0.32625002 0.32575002 0.32525   ]
2026-02-21 11:00:00,0.3275,0.0,11,5,2,2026,1,[0.32725    0.32675    0.32625002 0.32575002 0.32525    0.3245    ]
2026-02-21 12:00:00,0.32725,0.0,12,5,2,2026,1,[0.32675    0.32625002 0.32575002 0.32525    0.3245     0.32425   ]
2026-02-21 13:00:00,0.32675,0.0,13,5,2,2026,1,[0.32625002 0.32575002 0.32525    0.3245     0.32425    0.327     ]
2026-02-21 14:00:00,0.32625002,0.0,14,5,2,2026,1,[0.32575002 0.32525    0.3245     0.32425    0.327      0.327     ]
2026-02-21 15:00:00,0.32575002,0.0,15,5,2,2026,1,[0.32525    0.3245     0.32425    0.327      0.327      0.32674998]
2026-02-21 16:00:00,0.32525,0.0,16,5,2,2026,1,[0.3245     0.32425    0.327      0.327      0.32674998 0.326     ]
2026-02-21 17:00:00,0.3245,0.0,17,5,2,2026,1,[0.32425    0.327      0.327      0.32674998 0.326      0.3255    ]
2026-02-21 18:00:00,0.32425,0.0,18,5,2,2026,1,[0.327      0.327      0.32674998 0.326      0.3255     0.3255    ]
2026-02-21 19:00:00,0.327,0.0,19,5,2,2026,1,[0.327      0.32674998 0.326      0.3255     0.3255     0.325     ]
2026-02-21 20:00:00,0.327,0.0,20,5,2,2026,1,[0.32674998 0.326      0.3255     0.3255     0.325      0.32475   ]
2026-02-21 21:00:00,0.32674998,0.1,21,5,2,2026,1,[0.326      0.3255     0.3255     0.325      0.32475    0.32450002]
2026-02-21 22:00:00,0.326,0.6,22,5,2,2026,1,[0.3255     0.3255     0.325      0.32475    0.32450002 0.324     ]
2026-02-21 23:00:00,0.3255,0.5,23,5,2,2026,1,[0.3255     0.325      0.32475    0.32450002 0.324      0.324     ]
2026-02-22 00:00:00,0.3255,0.4,0,6,2,2026,1,[0.325      0.32475    0.32450002 0.324      0.324      0.32375002]
2026-02-22 01:00:00,0.325,0.1,1,6,2,2026,1,[0.32475    0.32450002 0.324      0.324      0.32375002 0.324     ]
2026-02-22 02:00:00,0.32475,0.0,2,6,2,2026,1,[0.32450002 0.324      0.324      0.32375002 0.324      0.32375   ]
2026-02-22 03:00:00,0.32450002,0.0,3,6,2,2026,1,[0.324      0.324      0.32375002 0.324      0.32375    0.32375   ]
2026-02-22 04:00:00,0.324,0.0,4,6,2,2026,1,[0.324      0.32375002 0.324      0.32375    0.32375    0.32375   ]
2026-02-22 05:00:00,0.324,0.0,5,6,2,2026,1,[0.32375002 0.324      0.32375    0.32375    0.32375    0.325     ]
2026-02-22 06:00:00,0.32375002,0.0,6,6,2,2026,1,[0.324      0.32375    0.32375    0.32375    0.325      0.32674998]
2026-02-22 07:00:00,0.324,0.0,7,6,2,2026,1,[0.32375    0.32375    0.32375    0.325      0.32674998 0.32924998]
2026-02-22 08:00:00,0.32375,0.0,8,6,2,2026,1,[0.32375    0.32375    0.325      0.32674998 0.32924998 0.32950002]
2026-02-22 09:00:00,0.32375,0.1,9,6,2,2026,1,[0.32375    0.325      0.32674998 0.32924998 0.32950002 0.3295    ]
2026-02-22 10:00:00,0.32375,0.0,10,6,2,2026,1,[0.325      0.32674998 0.32924998 0.32950002 0.3295     0.32875   ]
2026-02-22 11:00:00,0.325,0.1,11,6,2,2026,1,[0.32674998 0.32924998 0.32950002 0.3295     0.32875    0.32775003]
2026-02-22 12:00:00,0.32674998,0.0,12,6,2,2026,1,[0.32924998 0.32950002 0.3295     0.32875    0.32775003 0.32725   ]
2026-02-22 13:00:00,0.32924998,0.2,13,6,2,2026,1,[0.32950002 0.3295     0.32875    0.32775003 0.32725    0.32524997]
2026-02-22 14:00:00,0.32950002,0.0,14,6,2,2026,1,[0.3295     0.32875    0.32775003 0.32725    0.32524997 0.32475   ]
2026-02-22 15:00:00,0.3295,0.0,15,6,2,2026,1,[0.32875    0.32775003 0.32725    0.32524997 0.32475    0.32425   ]
2026-02-22 16:00:00,0.32875,0.0,16,6,2,2026,1,[0.32775003 0.32725    0.32524997 0.32475    0.32425    0.32375   ]
2026-02-22 17:00:00,0.32775003,0.0,17,6,2,2026,1,[0.32725    0.32524997 0.32475    0.32425    0.32375    0.3235    ]
2026-02-22 18:00:00,0.32725,0.0,18,6,2,2026,1,[0.32524997 0.32475    0.32425    0.32375    0.3235     0.32325   ]
2026-02-22 19:00:00,0.32524997,0.0,19,6,2,2026,1,[0.32475 0.32425 0.32375 0.3235  0.32325 0.322  ]
2026-02-22 20:00:00,0.32475,0.1,20,6,2,2026,1,[0.32425    0.32375    0.3235     0.32325    0.322      0.32175002]
2026-02-22 21:00:00,0.32425,0.0,21,6,2,2026,1,[0.32375    0.3235     0.32325    0.322      0.32175002 0.32125   ]
2026-02-22 22:00:00,0.32375,0.0,22,6,2,2026,1,[0.3235     0.32325    0.322      0.32175002 0.32125    0.32075   ]
2026-02-22 23:00:00,0.3235,0.0,23,6,2,2026,1,[0.32325    0.322      0.32175002 0.32125    0.32075    0.32075   ]
2026-02-23 00:00:00,0.32325,0.0,0,0,2,2026,1,[0.322      0.32175002 0.32125    0.32075    0.32075    0.3205    ]
2026-02-23 01:00:00,0.322,0.0,1,0,2,2026,1,[0.32175002 0.32125    0.32075    0.32075    0.3205     0.32      ]
2026-02-23 02:00:00,0.32175002,0.0,2,0,2,2026,1,[0.32125 0.32075 0.32075 0.3205  0.32    0.32   ]
2026-02-23 03:00:00,0.32125,0.0,3,0,2,2026,1,[0.32075 0.32075 0.3205  0.32    0.32    0.3195 ]
2026-02-23 04:00:00,0.32075,0.0,4,0,2,2026,1,[0.32075    0.3205     0.32       0.32       0.3195     0.31899998]
2026-02-23 05:00:00,0.32075,0.0,5,0,2,2026,1,[0.3205     0.32       0.32       0.3195     0.31899998 0.31825   ]
2026-02-23 06:00:00,0.3205,0.1,6,0,2,2026,1,[0.32       0.32       0.3195     0.31899998 0.31825    0.31774998]
2026-02-23 07:00:00,0.32,0.0,7,0,2,2026,1,[0.32       0.3195     0.31899998 0.31825    0.31774998 0.31725   ]
2026-02-23 08:00:00,0.32,0.0,8,0,2,2026,1,[0.3195     0.31899998 0.31825    0.31774998 0.31725    0.31700003]
2026-02-23 09:00:00,0.3195,0.0,9,0,2,2026,1,[0.31899998 0.31825    0.31774998 0.31725    0.31700003 0.31675   ]
2026-02-23 10:00:00,0.31899998,0.0,10,0,2,2026,1,[0.31825    0.31774998 0.31725    0.31700003 0.31675    0.31575   ]
2026-02-23 11:00:00,0.31825,0.0,11,0,2,2026,1,[0.31774998 0.31725    0.31700003 0.31675    0.31575    0.3155    ]
2026-02-23 12:00:00,0.31774998,0.0,12,0,2,2026,1,[0.31725    0.31700003 0.31675    0.31575    0.3155     0.31475002]
2026-02-23 13:00:00,0.31725,0.0,13,0,2,2026,1,[0.31700003 0.31675    0.31575    0.3155     0.31475002 0.31475002]
2026-02-23 14:00:00,0.31700003,0.0,14,0,2,2026,1,[0.31675    0.31575    0.3155     0.31475002 0.31475002 0.3145    ]
2026-02-23 15:00:00,0.31675,0.0,15,0,2,2026,1,[0.31575    0.3155     0.31475002 0.31475002 0.3145     0.314     ]
2026-02-23 16:00:00,0.31575,0.0,16,0,2,2026,1,[0.3155     0.31475002 0.31475002 0.3145     0.314      0.3135    ]
2026-02-23 17:00:00,0.3155,0.0,17,0,2,2026,1,[0.31475002 0.31475002 0.3145     0.314      0.3135     0.31325   ]
2026-02-23 18:00:00,0.31475002,0.0,18,0,2,2026,1,[0.31475002 0.3145     0.314      0.3135     0.31325    0.313     ]
2026-02-23 19:00:00,0.31475002,0.0,19,0,2,2026,1,[0.3145  0.314   0.3135  0.31325 0.313   0.313  ]
2026-02-23 20:00:00,0.3145,0.0,20,0,2,2026,1,[0.314   0.3135  0.31325 0.313   0.313   0.3125 ]
2026-02-23 21:00:00,0.314,0.0,21,0,2,2026,1,[0.3135  0.31325 0.313   0.313   0.3125  0.3125 ]
2026-02-23 22:00:00,0.3135,0.0,22,0,2,2026,1,[0.31325    0.313      0.313      0.3125     0.3125     0.31225002]
2026-02-23 23:00:00,0.31325,0.0,23,0,2,2026,1,[0.313      0.313      0.3125     0.3125     0.31225002 0.31225002]
2026-02-24 00:00:00,0.313,0.0,0,1,2,2026,1,[0.313      0.3125     0.3125     0.31225002 0.31225002 0.31225002]
2026-02-24 01:00:00,0.313,0.0,1,1,2,2026,1,[0.3125     0.3125     0.31225002 0.31225002 0.31225002 0.31125   ]
2026-02-24 02:00:00,0.3125,0.0,2,1,2,2026,1,[0.3125     0.31225002 0.31225002 0.31225002 0.31125    0.31125   ]
2026-02-24 03:00:00,0.3125,0.0,3,1,2,2026,1,[0.31225002 0.31225002 0.31225002 0.31125    0.31125    0.31125   ]
2026-02-24 04:00:00,0.31225002,0.0,4,1,2,2026,1,[0.31225002 0.31225002 0.31125    0.31125    0.31125    0.311     ]
2026-02-24 05:00:00,0.31225002,0.0,5,1,2,2026,1,[0.31225002 0.31125    0.31125    0.31125    0.311      0.31024998]
2026-02-24 06:00:00,0.31225002,0.0,6,1,2,2026,1,[0.31125    0.31125    0.31125    0.311      0.31024998 0.30949998]
2026-02-24 07:00:00,0.31125,0.0,7,1,2,2026,1,[0.31125    0.31125    0.311      0.31024998 0.30949998 0.30900002]
2026-02-24 08:00:00,0.31125,0.0,8,1,2,2026,1,[0.31125    0.311      0.31024998 0.30949998 0.30900002 0.30875   ]
2026-02-24 09:00:00,0.31125,0.0,9,1,2,2026,1,[0.311      0.31024998 0.30949998 0.30900002 0.30875    0.3085    ]
2026-02-24 10:00:00,0.311,0.0,10,1,2,2026,1,[0.31024998 0.30949998 0.30900002 0.30875    0.3085     0.30825   ]
2026-02-24 11:00:00,0.31024998,0.0,11,1,2,2026,1,[0.30949998 0.30900002 0.30875    0.3085     0.30825    0.30825   ]
2026-02-24 12:00:00,0.30949998,0.0,12,1,2,2026,1,[0.30900002 0.30875    0.3085     0.30825    0.30825    0.308     ]
2026-02-24 13:00:00,0.30900002,0.0,13,1,2,2026,1,[0.30875 0.3085  0.30825 0.30825 0.308   0.30825]
2026-02-24 14:00:00,0.30875,0.0,14,1,2,2026,1,[0.3085  0.30825 0.30825 0.308   0.30825 0.30825]
2026-02-24 15:00:00,0.3085,0.0,15,1,2,2026,1,[0.30825 0.30825 0.308   0.30825 0.30825 0.308  ]
2026-02-24 16:00:00,0.30825,0.0,16,1,2,2026,1,[0.30825 0.308   0.30825 0.30825 0.308   0.308  ]
2026-02-24 17:00:00,0.30825,0.0,17,1,2,2026,1,[0.308   0.30825 0.30825 0.308   0.308   0.308  ]
2026-02-24 18:00:00,0.308,0.0,18,1,2,2026,1,[0.30825 0.30825 0.308   0.308   0.308   0.30825]
2026-02-24 19:00:00,0.30825,0.0,19,1,2,2026,1,[0.30825 0.308   0.308   0.308   0.30825 0.3085 ]
2026-02-24 20:00:00,0.30825,0.0,20,1,2,2026,1,[0.308   0.308   0.308   0.30825 0.3085  0.30875]
2026-02-24 21:00:00,0.308,0.0,21,1,2,2026,1,[0.308      0.308      0.30825    0.3085     0.30875    0.30900002]
2026-02-24 22:00:00,0.308,0.0,22,1,2,2026,1,[0.308      0.30825    0.3085     0.30875    0.30900002 0.30925   ]
2026-02-24 23:00:00,0.308,0.7,23,1,2,2026,1,[0.30825    0.3085     0.30875    0.30900002 0.30925    0.30925   ]
2026-02-25 00:00:00,0.30825,0.4,0,2,2,2026,1,[0.3085     0.30875    0.30900002 0.30925    0.30925    0.30925   ]
2026-02-25 01:00:00,0.3085,0.0,1,2,2,2026,1,[0.30875    0.30900002 0.30925    0.30925    0.30925    0.30875   ]
2026-02-25 02:00:00,0.30875,0.0,2,2,2,2026,1,[0.30900002 0.30925    0.30925    0.30925    0.30875    0.30900002]
2026-02-25 03:00:00,0.30900002,0.0,3,2,2,2026,1,[0.30925    0.30925    0.30925    0.30875    0.30900002 0.30900002]
2026-02-25 04:00:00,0.30925,0.0,4,2,2,2026,1,[0.30925    0.30925    0.30875    0.30900002 0.30900002 0.30875   ]
2026-02-25 05:00:00,0.30925,0.0,5,2,2,2026,1,[0.30925    0.30875    0.30900002 0.30900002 0.30875    0.3085    ]
2026-02-25 06:00:00,0.30925,0.0,6,2,2,2026,1,[0.30875    0.30900002 0.30900002 0.30875    0.3085     0.3085    ]
2026-02-25 07:00:00,0.30875,0.0,7,2,2,2026,1,[0.30900002 0.30900002 0.30875    0.3085     0.3085     0.3105    ]
2026-02-25 08:00:00,0.30900002,0.0,8,2,2,2026,1,[0.30900002 0.30875    0.3085     0.3085     0.3105     0.31075   ]
2026-02-25 09:00:00,0.30900002,0.0,9,2,2,2026,1,[0.30875 0.3085  0.3085  0.3105  0.31075 0.31075]
2026-02-25 10:00:00,0.30875,0.0,10,2,2,2026,1,[0.3085  0.3085  0.3105  0.31075 0.31075 0.311  ]
2026-02-25 11:00:00,0.3085,0.0,11,2,2,2026,1,[0.3085  0.3105  0.31075 0.31075 0.311   0.311  ]
2026-02-25 12:00:00,0.3085,0.0,12,2,2,2026,1,[0.3105  0.31075 0.31075 0.311   0.311   0.31075]
2026-02-25 13:00:00,0.3105,0.0,13,2,2,2026,1,[0.31075 0.31075 0.311   0.311   0.31075 0.3105 ]
2026-02-25 14:00:00,0.31075,0.0,14,2,2,2026,1,[0.31075 0.311   0.311   0.31075 0.3105  0.31   ]
2026-02-25 15:00:00,0.31075,0.0,15,2,2,2026,1,[0.311      0.311      0.31075    0.3105     0.31       0.30949998]
2026-02-25 16:00:00,0.311,0.0,16,2,2,2026,1,[0.311      0.31075    0.3105     0.31       0.30949998 0.309     ]
2026-02-25 17:00:00,0.311,0.0,17,2,2,2026,1,[0.31075    0.3105     0.31       0.30949998 0.309      0.309     ]
2026-02-25 18:00:00,0.31075,0.0,18,2,2,2026,1,[0.3105     0.31       0.30949998 0.309      0.309      0.30850002]
2026-02-25 19:00:00,0.3105,0.0,19,2,2,2026,1,[0.31       0.30949998 0.309      0.309      0.30850002 0.30850002]
2026-02-25 20:00:00,0.31,0.0,20,2,2,2026,1,[0.30949998 0.309      0.309      0.30850002 0.30850002 0.30850002]
2026-02-25 21:00:00,0.30949998,0.0,21,2,2,2026,1,[0.309      0.309      0.30850002 0.30850002 0.30850002 0.30825   ]
2026-02-25 22:00:00,0.309,0.0,22,2,2,2026,1,[0.309      0.30850002 0.30850002 0.30850002 0.30825    0.3085    ]
2026-02-25 23:00:00,0.309,0.0,23,2,2,2026,1,[0.30850002 0.30850002 0.30850002 0.30825    0.3085     0.30825   ]
2026-02-26 00:00:00,0.30850002,0.0,0,3,2,2026,1,[0.30850002 0.30850002 0.30825    0.3085     0.30825    0.3085    ]
2026-02-26 01:00:00,0.30850002,0.0,1,3,2,2026,1,[0.30850002 0.30825    0.3085     0.30825    0.3085     0.3085    ]
2026-02-26 02:00:00,0.30850002,0.0,2,3,2,2026,1,[0.30825 0.3085  0.30825 0.3085  0.3085  0.3085 ]
2026-02-26 03:00:00,0.30825,0.0,3,3,2,2026,1,[0.3085  0.30825 0.3085  0.3085  0.3085  0.30825]
2026-02-26 04:00:00,0.3085,0.0,4,3,2,2026,1,[0.30825 0.3085  0.3085  0.3085  0.30825 0.30775]
2026-02-26 05:00:00,0.30825,0.0,5,3,2,2026,1,[0.3085     0.3085     0.3085     0.30825    0.30775    0.30699998]
2026-02-26 06:00:00,0.3085,0.0,6,3,2,2026,1,[0.3085     0.3085     0.30825    0.30775    0.30699998 0.30675   ]
2026-02-26 07:00:00,0.3085,0.0,7,3,2,2026,1,[0.3085     0.30825    0.30775    0.30699998 0.30675    0.30650002]
2026-02-26 08:00:00,0.3085,0.0,8,3,2,2026,1,[0.30825    0.30775    0.30699998 0.30675    0.30650002 0.30575   ]
2026-02-26 09:00:00,0.30825,0.0,9,3,2,2026,1,[0.30775    0.30699998 0.30675    0.30650002 0.30575    0.306     ]
2026-02-26 10:00:00,0.30775,0.0,10,3,2,2026,1,[0.30699998 0.30675    0.30650002 0.30575    0.306      0.30625   ]
2026-02-26 11:00:00,0.30699998,0.0,11,3,2,2026,1,[0.30675    0.30650002 0.30575    0.306      0.30625    0.30699998]
2026-02-26 12:00:00,0.30675,0.0,12,3,2,2026,1,[0.30650002 0.30575    0.306      0.30625    0.30699998 0.3075    ]
2026-02-26 13:00:00,0.30650002,0.0,13,3,2,2026,1,[0.30575    0.306      0.30625    0.30699998 0.3075     0.30800003]
2026-02-26 14:00:00,0.30575,0.0,14,3,2,2026,1,[0.306      0.30625    0.30699998 0.3075     0.30800003 0.30800003]
2026-02-26 15:00:00,0.306,0.0,15,3,2,2026,1,[0.30625    0.30699998 0.3075     0.30800003 0.30800003 0.30800003]
2026-02-26 16:00:00,0.30625,0.0,16,3,2,2026,1,[0.30699998 0.3075     0.30800003 0.30800003 0.30800003 0.308     ]
2026-02-26 17:00:00,0.30699998,0.0,17,3,2,2026,1,[0.3075     0.30800003 0.30800003 0.30800003 0.308      0.308     ]
2026-02-26 18:00:00,0.3075,0.0,18,3,2,2026,1,[0.30800003 0.30800003 0.30800003 0.308      0.308      0.308     ]
2026-02-26 19:00:00,0.30800003,0.0,19,3,2,2026,1,[0.30800003 0.30800003 0.308      0.308      0.308      0.308     ]
2026-02-26 20:00:00,0.30800003,0.0,20,3,2,2026,1,[0.30800003 0.308      0.308      0.308      0.308      0.308     ]
2026-02-26 21:00:00,0.30800003,0.0,21,3,2,2026,1,[0.308 0.308 0.308 0.308 0.308 0.308]
2026-02-26 22:00:00,0.308,0.0,22,3,2,2026,1,[0.308 0.308 0.308 0.308 0.308 0.308]
2026-02-26 23:00:00,0.308,0.0,23,3,2,2026,1,[0.308 0.308 0.308 0.308 0.308 0.308]
2026-02-27 00:00:00,0.308,0.0,0,4,2,2026,1,[0.308 0.308 0.308 0.308 0.308 0.308]
2026-02-27 01:00:00,0.308,0.0,1,4,2,2026,1,[0.308   0.308   0.308   0.308   0.308   0.30825]
2026-02-27 02:00:00,0.308,0.0,2,4,2,2026,1,[0.308   0.308   0.308   0.308   0.30825 0.30825]
2026-02-27 03:00:00,0.308,0.0,3,4,2,2026,1,[0.308   0.308   0.308   0.30825 0.30825 0.308  ]
2026-02-27 04:00:00,0.308,0.0,4,4,2,2026,1,[0.308   0.308   0.30825 0.30825 0.308   0.3075 ]
2026-02-27 05:00:00,0.308,0.0,5,4,2,2026,1,[0.308   0.30825 0.30825 0.308   0.3075  0.3075 ]
2026-02-27 06:00:00,0.308,0.0,6,4,2,2026,1,[0.30825 0.30825 0.308   0.3075  0.3075  0.30725]
2026-02-27 07:00:00,0.30825,0.0,7,4,2,2026,1,[0.30825    0.308      0.3075     0.3075     0.30725    0.30699998]
2026-02-27 08:00:00,0.30825,0.0,8,4,2,2026,1,[0.308      0.3075     0.3075     0.30725    0.30699998 0.30675   ]
2026-02-27 09:00:00,0.308,0.0,9,4,2,2026,1,[0.3075     0.3075     0.30725    0.30699998 0.30675    0.30675   ]
2026-02-27 10:00:00,0.3075,0.0,10,4,2,2026,1,[0.3075     0.30725    0.30699998 0.30675    0.30675    0.30675   ]
2026-02-27 11:00:00,0.3075,0.0,11,4,2,2026,1,[0.30725    0.30699998 0.30675    0.30675    0.30675    0.3065    ]
2026-02-27 12:00:00,0.30725,0.0,12,4,2,2026,1,[0.30699998 0.30675    0.30675    0.30675    0.3065     0.30725   ]
2026-02-27 13:00:00,0.30699998,0.0,13,4,2,2026,1,[0.30675 0.30675 0.30675 0.3065  0.30725 0.3075 ]
2026-02-27 14:00:00,0.30675,0.0,14,4,2,2026,1,[0.30675 0.30675 0.3065  0.30725 0.3075  0.308  ]
2026-02-27 15:00:00,0.30675,0.0,15,4,2,2026,1,[0.30675 0.3065  0.30725 0.3075  0.308   0.30825]
2026-02-27 16:00:00,0.30675,0.0,16,4,2,2026,1,[0.3065  0.30725 0.3075  0.308   0.30825 0.30875]
2026-02-27 17:00:00,0.3065,0.0,17,4,2,2026,1,[0.30725    0.3075     0.308      0.30825    0.30875    0.30900002]
2026-02-27 18:00:00,0.30725,0.0,18,4,2,2026,1,[0.3075     0.308      0.30825    0.30875    0.30900002 0.30925   ]
2026-02-27 19:00:00,0.3075,0.0,19,4,2,2026,1,[0.308      0.30825    0.30875    0.30900002 0.30925    0.3095    ]
2026-02-27 20:00:00,0.308,0.0,20,4,2,2026,1,[0.30825    0.30875    0.30900002 0.30925    0.3095     0.3095    ]
2026-02-27 21:00:00,0.30825,0.0,21,4,2,2026,1,[0.30875    0.30900002 0.30925    0.3095     0.3095     0.30975   ]
2026-02-27 22:00:00,0.30875,0.0,22,4,2,2026,1,[0.30900002 0.30925    0.3095     0.3095     0.30975    0.30975   ]
2026-02-27 23:00:00,0.30900002,0.0,23,4,2,2026,1,[0.30925    0.3095     0.3095     0.30975    0.30975    0.31024998]
2026-02-28 00:00:00,0.30925,0.0,0,5,2,2026,1,[0.3095     0.3095     0.30975    0.30975    0.31024998 0.31024998]
2026-02-28 01:00:00,0.3095,0.0,1,5,2,2026,1,[0.3095     0.30975    0.30975    0.31024998 0.31024998 0.30975   ]
2026-02-28 02:00:00,0.3095,0.0,2,5,2,2026,1,[0.30975    0.30975    0.31024998 0.31024998 0.30975    0.30975   ]
2026-02-28 03:00:00,0.30975,0.0,3,5,2,2026,1,[0.30975    0.31024998 0.31024998 0.30975    0.30975    0.3095    ]
2026-02-28 04:00:00,0.30975,0.0,4,5,2,2026,1,[0.31024998 0.31024998 0.30975    0.30975    0.3095     0.30925   ]
2026-02-28 05:00:00,0.31024998,0.0,5,5,2,2026,1,[0.31024998 0.30975    0.30975    0.3095     0.30925    0.30875   ]
2026-02-28 06:00:00,0.31024998,0.0,6,5,2,2026,1,[0.30975 0.30975 0.3095  0.30925 0.30875 0.30825]
2026-02-28 07:00:00,0.30975,0.0,7,5,2,2026,1,[0.30975 0.3095  0.30925 0.30875 0.30825 0.30825]
2026-02-28 08:00:00,0.30975,0.0,8,5,2,2026,1,[0.3095  0.30925 0.30875 0.30825 0.30825 0.30825]
2026-02-28 09:00:00,0.3095,0.0,9,5,2,2026,1,[0.30925 0.30875 0.30825 0.30825 0.30825 0.308  ]
2026-02-28 10:00:00,0.30925,0.0,10,5,2,2026,1,[0.30875 0.30825 0.30825 0.30825 0.308   0.30775]
2026-02-28 11:00:00,0.30875,0.0,11,5,2,2026,1,[0.30825 0.30825 0.30825 0.308   0.30775 0.30775]
2026-02-28 12:00:00,0.30825,0.0,12,5,2,2026,1,[0.30825 0.30825 0.308   0.30775 0.30775 0.30825]
2026-02-28 13:00:00,0.30825,0.0,13,5,2,2026,1,[0.30825 0.308   0.30775 0.30775 0.30825 0.30825]
2026-02-28 14:00:00,0.30825,0.1,14,5,2,2026,1,[0.308   0.30775 0.30775 0.30825 0.30825 0.30825]
2026-02-28 15:00:00,0.308,0.1,15,5,2,2026,1,[0.30775 0.30775 0.30825 0.30825 0.30825 0.30825]
2026-02-28 16:00:00,0.30775,0.2,16,5,2,2026,1,[0.30775 0.30825 0.30825 0.30825 0.30825 0.30825]
2026-02-28 17:00:00,0.30775,0.3,17,5,2,2026,1,[0.30825 0.30825 0.30825 0.30825 0.30825 0.30825]
2026-02-28 18:00:00,0.30825,0.4,18,5,2,2026,1,[0.30825 0.30825 0.30825 0.30825 0.30825 0.30825]
2026-02-28 19:00:00,0.30825,0.3,19,5,2,2026,1,[0.30825 0.30825 0.30825 0.30825 0.30825 0.30825]
2026-02-28 20:00:00,0.30825,0.3,20,5,2,2026,1,[0.30825 0.30825 0.30825 0.30825 0.30825 0.30825]
2026-02-28 21:00:00,0.30825,0.0,21,5,2,2026,1,[0.30825 0.30825 0.30825 0.30825 0.30825 0.30825]
2026-02-28 22:00:00,0.30825,0.0,22,5,2,2026,1,[0.30825 0.30825 0.30825 0.30825 0.30825 0.30825]
2026-02-28 23:00:00,0.30825,0.0,23,5,2,2026,1,[0.30825 0.30825 0.30825 0.30825 0.30825 0.30825]
2026-03-01 00:00:00,0.30825,0.0,0,6,3,2026,1,[0.30825 0.30825 0.30825 0.30825 0.30825 0.308  ]
2026-03-01 01:00:00,0.30825,0.0,1,6,3,2026,1,[0.30825 0.30825 0.30825 0.30825 0.308   0.308  ]
2026-03-01 02:00:00,0.30825,0.0,2,6,3,2026,1,[0.30825 0.30825 0.30825 0.308   0.308   0.30775]
2026-03-01 03:00:00,0.30825,0.0,3,6,3,2026,1,[0.30825 0.30825 0.308   0.308   0.30775 0.30675]
2026-03-01 04:00:00,0.30825,0.0,4,6,3,2026,1,[0.30825 0.308   0.308   0.30775 0.30675 0.307  ]
2026-03-01 05:00:00,0.30825,0.0,5,6,3,2026,1,[0.308   0.308   0.30775 0.30675 0.307   0.3085 ]
2026-03-01 06:00:00,0.308,0.0,6,6,3,2026,1,[0.308   0.30775 0.30675 0.307   0.3085  0.311  ]
2026-03-01 07:00:00,0.308,0.0,7,6,3,2026,1,[0.30775 0.30675 0.307   0.3085  0.311   0.3125 ]
2026-03-01 08:00:00,0.30775,0.0,8,6,3,2026,1,[0.30675 0.307   0.3085  0.311   0.3125  0.313  ]
2026-03-01 09:00:00,0.30675,0.0,9,6,3,2026,1,[0.307  0.3085 0.311  0.3125 0.313  0.313 ]
2026-03-01 10:00:00,0.307,0.0,10,6,3,2026,1,[0.3085 0.311  0.3125 0.313  0.313  0.3125]
2026-03-01 11:00:00,0.3085,0.0,11,6,3,2026,1,[0.311   0.3125  0.313   0.313   0.3125  0.31175]
2026-03-01 12:00:00,0.311,0.0,12,6,3,2026,1,[0.3125  0.313   0.313   0.3125  0.31175 0.3105 ]
2026-03-01 13:00:00,0.3125,0.0,13,6,3,2026,1,[0.313   0.313   0.3125  0.31175 0.3105  0.30975]
2026-03-01 14:00:00,0.313,0.0,14,6,3,2026,1,[0.313   0.3125  0.31175 0.3105  0.30975 0.30925]
2026-03-01 15:00:00,0.313,0.0,15,6,3,2026,1,[0.3125     0.31175    0.3105     0.30975    0.30925    0.30874997]
2026-03-01 16:00:00,0.3125,0.0,16,6,3,2026,1,[0.31175    0.3105     0.30975    0.30925    0.30874997 0.30874997]
2026-03-01 17:00:00,0.31175,0.0,17,6,3,2026,1,[0.3105     0.30975    0.30925    0.30874997 0.30874997 0.30874997]
2026-03-01 18:00:00,0.3105,0.0,18,6,3,2026,1,[0.30975    0.30925    0.30874997 0.30874997 0.30874997 0.30825   ]
2026-03-01 19:00:00,0.30975,0.0,19,6,3,2026,1,[0.30925    0.30874997 0.30874997 0.30874997 0.30825    0.30825   ]
2026-03-01 20:00:00,0.30925,0.0,20,6,3,2026,1,[0.30874997 0.30874997 0.30874997 0.30825    0.30825    0.30825   ]
2026-03-01 21:00:00,0.30874997,0.0,21,6,3,2026,1,[0.30874997 0.30874997 0.30825    0.30825    0.30825    0.30775   ]
2026-03-01 22:00:00,0.30874997,0.0,22,6,3,2026,1,[0.30874997 0.30825    0.30825    0.30825    0.30775    0.30775   ]
2026-03-01 23:00:00,0.30874997,0.0,23,6,3,2026,1,[0.30825 0.30825 0.30825 0.30775 0.30775 0.30775]
2026-03-02 00:00:00,0.30825,0.0,0,0,3,2026,1,[0.30825    0.30825    0.30775    0.30775    0.30775    0.30699998]
2026-03-02 01:00:00,0.30825,0.0,1,0,3,2026,1,[0.30825    0.30775    0.30775    0.30775    0.30699998 0.30699998]
2026-03-02 02:00:00,0.30825,0.0,2,0,3,2026,1,[0.30775    0.30775    0.30775    0.30699998 0.30699998 0.30675   ]
2026-03-02 03:00:00,0.30775,0.0,3,0,3,2026,1,[0.30775    0.30775    0.30699998 0.30699998 0.30675    0.30624998]
2026-03-02 04:00:00,0.30775,0.0,4,0,3,2026,1,[0.30775    0.30699998 0.30699998 0.30675    0.30624998 0.3065    ]
2026-03-02 05:00:00,0.30775,0.0,5,0,3,2026,1,[0.30699998 0.30699998 0.30675    0.30624998 0.3065     0.30775   ]
2026-03-02 06:00:00,0.30699998,0.0,6,0,3,2026,1,[0.30699998 0.30675    0.30624998 0.3065     0.30775    0.30949998]
2026-03-02 07:00:00,0.30699998,0.0,7,0,3,2026,1,[0.30675    0.30624998 0.3065     0.30775    0.30949998 0.31075   ]
2026-03-02 08:00:00,0.30675,0.0,8,0,3,2026,1,[0.30624998 0.3065     0.30775    0.30949998 0.31075    0.30775   ]
2026-03-02 09:00:00,0.30624998,0.0,9,0,3,2026,1,[0.3065     0.30775    0.30949998 0.31075    0.30775    0.308     ]
2026-03-02 10:00:00,0.3065,0.0,10,0,3,2026,1,[0.30775    0.30949998 0.31075    0.30775    0.308      0.308     ]
2026-03-02 11:00:00,0.30775,0.0,11,0,3,2026,1,[0.30949998 0.31075    0.30775    0.308      0.308      0.30775   ]
2026-03-02 12:00:00,0.30949998,0.0,12,0,3,2026,1,[0.31075 0.30775 0.308   0.308   0.30775 0.307  ]
2026-03-02 13:00:00,0.31075,0.0,13,0,3,2026,1,[0.30775 0.308   0.308   0.30775 0.307   0.3065 ]
2026-03-02 14:00:00,0.30775,0.0,14,0,3,2026,1,[0.308   0.308   0.30775 0.307   0.3065  0.30625]
2026-03-02 15:00:00,0.308,0.0,15,0,3,2026,1,[0.308      0.30775    0.307      0.3065     0.30625    0.30574998]
2026-03-02 16:00:00,0.308,0.0,16,0,3,2026,1,[0.30775    0.307      0.3065     0.30625    0.30574998 0.3055    ]
2026-03-02 17:00:00,0.30775,0.0,17,0,3,2026,1,[0.307      0.3065     0.30625    0.30574998 0.3055     0.3055    ]
2026-03-02 18:00:00,0.307,0.0,18,0,3,2026,1,[0.3065     0.30625    0.30574998 0.3055     0.3055     0.305     ]
2026-03-02 19:00:00,0.3065,0.0,19,0,3,2026,1,[0.30625    0.30574998 0.3055     0.3055     0.305      0.305     ]
2026-03-02 20:00:00,0.30625,0.0,20,0,3,2026,1,[0.30574998 0.3055     0.3055     0.305      0.305      0.305     ]
2026-03-02 21:00:00,0.30574998,0.0,21,0,3,2026,1,[0.3055 0.3055 0.305  0.305  0.305  0.305 ]
2026-03-02 22:00:00,0.3055,0.0,22,0,3,2026,1,[0.3055 0.305  0.305  0.305  0.305  0.305 ]
2026-03-02 23:00:00,0.3055,0.0,23,0,3,2026,1,[0.305 0.305 0.305 0.305 0.305 0.305]
2026-03-03 00:00:00,0.305,0.0,0,1,3,2026,1,[0.305   0.305   0.305   0.305   0.305   0.30475]
2026-03-03 01:00:00,0.305,0.0,1,1,3,2026,1,[0.305   0.305   0.305   0.305   0.30475 0.30475]
2026-03-03 02:00:00,0.305,0.0,2,1,3,2026,1,[0.305      0.305      0.305      0.30475    0.30475    0.30499998]
2026-03-03 03:00:00,0.305,0.0,3,1,3,2026,1,[0.305      0.305      0.30475    0.30475    0.30499998 0.305     ]
2026-03-03 04:00:00,0.305,0.0,4,1,3,2026,1,[0.305      0.30475    0.30475    0.30499998 0.305      0.30574998]
2026-03-03 05:00:00,0.305,0.0,5,1,3,2026,1,[0.30475    0.30475    0.30499998 0.305      0.30574998 0.306     ]
2026-03-03 06:00:00,0.30475,0.0,6,1,3,2026,1,[0.30475    0.30499998 0.305      0.30574998 0.306      0.30675   ]
2026-03-03 07:00:00,0.30475,0.0,7,1,3,2026,1,[0.30499998 0.305      0.30574998 0.306      0.30675    0.3085    ]
2026-03-03 08:00:00,0.30499998,0.0,8,1,3,2026,1,[0.305      0.30574998 0.306      0.30675    0.3085     0.31275   ]
2026-03-03 09:00:00,0.305,0.0,9,1,3,2026,1,[0.30574998 0.306      0.30675    0.3085     0.31275    0.31825   ]
2026-03-03 10:00:00,0.30574998,0.0,10,1,3,2026,1,[0.306   0.30675 0.3085  0.31275 0.31825 0.32225]
2026-03-03 11:00:00,0.306,0.0,11,1,3,2026,1,[0.30675 0.3085  0.31275 0.31825 0.32225 0.3225 ]
2026-03-03 12:00:00,0.30675,0.0,12,1,3,2026,1,[0.3085  0.31275 0.31825 0.32225 0.3225  0.32175]
2026-03-03 13:00:00,0.3085,0.0,13,1,3,2026,1,[0.31275 0.31825 0.32225 0.3225  0.32175 0.32125]
2026-03-03 14:00:00,0.31275,0.0,14,1,3,2026,1,[0.31825 0.32225 0.3225  0.32175 0.32125 0.3225 ]
2026-03-03 15:00:00,0.31825,0.0,15,1,3,2026,1,[0.32225 0.3225  0.32175 0.32125 0.3225  0.32425]
2026-03-03 16:00:00,0.32225,0.0,16,1,3,2026,1,[0.3225  0.32175 0.32125 0.3225  0.32425 0.32725]
2026-03-03 17:00:00,0.3225,0.0,17,1,3,2026,1,[0.32175 0.32125 0.3225  0.32425 0.32725 0.33175]
